scope_name,scope_type,scope_value,lens,role_unit_key,dominant_role,occurrences,distinct_lines,distinct_token_types,dominant_role_share,section_count,currier_count,hand_count,marker_count,top_tokens,induction_votes,loose_induction_votes,mean_induction_match,mean_induction_cluster_purity,induction_detail,tokenization_votes,tokenization_loose_votes,supported_tokenization_variants,tokenization_support_detail,tier,new_occurrences_after_higher_tiers,reason_not_promoted
global,global,global,surface_token,daiin,R10,134,116,1,1.0,7,3,6,5,daiin,1,1,0.139,0.517,16:0.000/0.461 24:0.000/0.480 32:0.000/0.449 48:0.000/0.461 64:0.694/0.733,2,2,"surface_token_key, frame_terminal_key",surface_token_key:1.00/1.00 conservative_family_key:0.00/0.00 broad_shape_family_key:0.00/0.00 stolfi_signature_key:0.00/0.00 frame_terminal_key:1.00/1.00 edge_signature_key:0.00/0.00 left_boundary_merge_broad_key:0.00/0.12 right_boundary_merge_broad_key:0.00/0.00 left_boundary_merge_stolfi_key:0.00/0.00 right_boundary_merge_stolfi_key:0.00/0.00,good_but_not_reliable_enough,53,induction support below promoted threshold
line_marker,line_marker_family,paragraph_continuation,surface_token,daiin,R10,126,108,1,1.0,7,3,6,1,daiin,1,1,0.135,0.518,16:0.000/0.464 24:0.000/0.481 32:0.000/0.454 48:0.000/0.460 64:0.675/0.733,2,2,"surface_token_key, frame_terminal_key",surface_token_key:1.00/1.00 conservative_family_key:0.00/0.00 broad_shape_family_key:0.00/0.00 stolfi_signature_key:0.00/0.00 frame_terminal_key:1.00/1.00 edge_signature_key:0.00/0.00 left_boundary_merge_broad_key:0.00/0.10 right_boundary_merge_broad_key:0.00/0.00 left_boundary_merge_stolfi_key:0.00/0.00 right_boundary_merge_stolfi_key:0.00/0.00,good_but_not_reliable_enough,50,induction support below promoted threshold
global,global,global,broad_shape,EXGX|y,R00,25,25,8,0.96,6,3,4,2,"checkhy, sheckhy, checthy, shecthy, sheeckhy, cheecthy, eeckhy, oeecthy",0,5,0.92,0.427,16:0.960/0.415 24:0.960/0.423 32:0.920/0.425 48:0.880/0.435 64:0.880/0.439,2,3,"broad_shape_family_key, stolfi_signature_key",surface_token_key:0.00/0.00 conservative_family_key:0.48/0.84 broad_shape_family_key:1.00/1.00 stolfi_signature_key:0.56/1.00 frame_terminal_key:0.00/0.00 edge_signature_key:0.00/0.52 left_boundary_merge_broad_key:0.00/0.00 right_boundary_merge_broad_key:0.00/0.00 left_boundary_merge_stolfi_key:0.00/0.00 right_boundary_merge_stolfi_key:0.00/0.00,good_but_not_reliable_enough,25,induction support below promoted threshold
currier,meta_L,B,stolfi_inspired_signature,NG|S_OL|T_r,R06,143,113,15,0.853,5,1,5,4,"ar, dar, or, sar, sor, chor, char, dor",5,5,0.789,0.48,16:0.944/0.464 24:0.755/0.482 32:0.769/0.481 48:0.818/0.502 64:0.657/0.473,2,4,"surface_token_key, edge_signature_key",surface_token_key:0.67/0.73 conservative_family_key:0.00/0.00 broad_shape_family_key:0.00/0.00 stolfi_signature_key:0.00/1.00 frame_terminal_key:0.34/0.82 edge_signature_key:0.67/0.73 left_boundary_merge_broad_key:0.00/0.07 right_boundary_merge_broad_key:0.00/0.00 left_boundary_merge_stolfi_key:0.14/0.29 right_boundary_merge_stolfi_key:0.00/0.15,good_but_not_reliable_enough,23,role purity below promoted threshold
hand,meta_H,2,surface_token,daiin,R10,23,19,1,1.0,3,1,1,1,daiin,1,1,0.122,0.503,16:0.000/0.454 24:0.000/0.458 32:0.000/0.444 48:0.000/0.452 64:0.609/0.705,2,2,"surface_token_key, frame_terminal_key",surface_token_key:1.00/1.00 conservative_family_key:0.00/0.00 broad_shape_family_key:0.00/0.00 stolfi_signature_key:0.00/0.00 frame_terminal_key:1.00/1.00 edge_signature_key:0.00/0.00 left_boundary_merge_broad_key:0.00/0.00 right_boundary_merge_broad_key:0.00/0.00 left_boundary_merge_stolfi_key:0.00/0.00 right_boundary_merge_stolfi_key:0.00/0.00,good_but_not_reliable_enough,23,induction support below promoted threshold
hand,meta_H,2,surface_token,qokal,H08,23,21,1,1.0,3,1,1,1,qokal,1,1,0.478,0.401,16:0.348/0.344 24:0.609/0.471 32:0.304/0.432 48:0.478/0.378 64:0.652/0.380,2,2,"surface_token_key, frame_terminal_key",surface_token_key:1.00/1.00 conservative_family_key:0.00/0.00 broad_shape_family_key:0.00/0.00 stolfi_signature_key:0.00/0.00 frame_terminal_key:1.00/1.00 edge_signature_key:0.00/0.00 left_boundary_merge_broad_key:0.00/0.00 right_boundary_merge_broad_key:0.00/0.00 left_boundary_merge_stolfi_key:0.00/0.00 right_boundary_merge_stolfi_key:0.00/0.00,good_but_not_reliable_enough,23,induction support below promoted threshold
line_marker,line_marker_family,paragraph_continuation,broad_shape,EXGX|y,R00,23,23,6,1.0,5,2,3,1,"checkhy, sheckhy, checthy, shecthy, sheeckhy, eeckhy",0,5,0.913,0.432,16:0.957/0.415 24:0.957/0.428 32:0.913/0.432 48:0.870/0.441 64:0.870/0.442,2,3,"broad_shape_family_key, stolfi_signature_key",surface_token_key:0.00/0.00 conservative_family_key:0.52/0.91 broad_shape_family_key:1.00/1.00 stolfi_signature_key:0.61/1.00 frame_terminal_key:0.00/0.00 edge_signature_key:0.00/0.52 left_boundary_merge_broad_key:0.00/0.00 right_boundary_merge_broad_key:0.00/0.00 left_boundary_merge_stolfi_key:0.00/0.00 right_boundary_merge_stolfi_key:0.00/0.00,good_but_not_reliable_enough,23,induction support below promoted threshold
currier_hand,currier_hand,B|2,surface_token,daiin,R10,23,19,1,1.0,3,1,1,1,daiin,1,1,0.122,0.503,16:0.000/0.454 24:0.000/0.458 32:0.000/0.444 48:0.000/0.452 64:0.609/0.705,2,2,"surface_token_key, frame_terminal_key",surface_token_key:1.00/1.00 conservative_family_key:0.00/0.00 broad_shape_family_key:0.00/0.00 stolfi_signature_key:0.00/0.00 frame_terminal_key:1.00/1.00 edge_signature_key:0.00/0.00 left_boundary_merge_broad_key:0.00/0.00 right_boundary_merge_broad_key:0.00/0.00 left_boundary_merge_stolfi_key:0.00/0.00 right_boundary_merge_stolfi_key:0.00/0.00,good_but_not_reliable_enough,23,induction support below promoted threshold
currier_hand,currier_hand,B|2,surface_token,qokal,H08,23,21,1,1.0,3,1,1,1,qokal,1,1,0.478,0.401,16:0.348/0.344 24:0.609/0.471 32:0.304/0.432 48:0.478/0.378 64:0.652/0.380,2,2,"surface_token_key, frame_terminal_key",surface_token_key:1.00/1.00 conservative_family_key:0.00/0.00 broad_shape_family_key:0.00/0.00 stolfi_signature_key:0.00/0.00 frame_terminal_key:1.00/1.00 edge_signature_key:0.00/0.00 left_boundary_merge_broad_key:0.00/0.00 right_boundary_merge_broad_key:0.00/0.00 left_boundary_merge_stolfi_key:0.00/0.00 right_boundary_merge_stolfi_key:0.00/0.00,good_but_not_reliable_enough,23,induction support below promoted threshold
currier,meta_L,B,broad_shape,EXGX|y,R00,21,21,5,1.0,4,1,2,1,"checkhy, sheckhy, checthy, shecthy, sheeckhy",0,5,0.905,0.423,16:0.952/0.405 24:0.952/0.415 32:0.905/0.425 48:0.857/0.432 64:0.857/0.439,2,3,"broad_shape_family_key, stolfi_signature_key",surface_token_key:0.00/0.00 conservative_family_key:0.00/0.95 broad_shape_family_key:1.00/1.00 stolfi_signature_key:0.57/1.00 frame_terminal_key:0.00/0.00 edge_signature_key:0.00/0.00 left_boundary_merge_broad_key:0.00/0.00 right_boundary_merge_broad_key:0.00/0.00 left_boundary_merge_stolfi_key:0.00/0.00 right_boundary_merge_stolfi_key:0.00/0.00,good_but_not_reliable_enough,21,induction support below promoted threshold
currier_marker,currier_marker,B|paragraph_continuation,broad_shape,EXGX|y,R00,21,21,5,1.0,4,1,2,1,"checkhy, sheckhy, checthy, shecthy, sheeckhy",0,5,0.905,0.423,16:0.952/0.405 24:0.952/0.415 32:0.905/0.425 48:0.857/0.432 64:0.857/0.439,2,3,"broad_shape_family_key, stolfi_signature_key",surface_token_key:0.00/0.00 conservative_family_key:0.00/0.95 broad_shape_family_key:1.00/1.00 stolfi_signature_key:0.57/1.00 frame_terminal_key:0.00/0.00 edge_signature_key:0.00/0.00 left_boundary_merge_broad_key:0.00/0.00 right_boundary_merge_broad_key:0.00/0.00 left_boundary_merge_stolfi_key:0.00/0.00 right_boundary_merge_stolfi_key:0.00/0.00,good_but_not_reliable_enough,21,induction support below promoted threshold
currier_marker,currier_marker,B|paragraph_continuation,stolfi_inspired_signature,NG|S_OL|T_r,R06,137,107,14,0.854,5,1,4,1,"ar, dar, or, sar, sor, chor, char, dor",5,5,0.797,0.481,16:0.949/0.464 24:0.766/0.483 32:0.781/0.482 48:0.825/0.504 64:0.664/0.473,2,4,"surface_token_key, edge_signature_key",surface_token_key:0.68/0.74 conservative_family_key:0.00/0.00 broad_shape_family_key:0.00/0.00 stolfi_signature_key:0.00/1.00 frame_terminal_key:0.34/0.82 edge_signature_key:0.68/0.74 left_boundary_merge_broad_key:0.00/0.21 right_boundary_merge_broad_key:0.00/0.00 left_boundary_merge_stolfi_key:0.14/0.28 right_boundary_merge_stolfi_key:0.00/0.16,good_but_not_reliable_enough,20,role purity below promoted threshold
global,global,global,broad_shape,OX|NONE,R00,20,19,10,0.9,7,3,5,4,"chos, os, as, okos, otos, olos, og, dag",1,3,0.53,0.484,16:0.350/0.483 24:0.800/0.500 32:0.550/0.466 48:0.400/0.478 64:0.550/0.494,3,4,"conservative_family_key, broad_shape_family_key, frame_terminal_key",surface_token_key:0.00/0.00 conservative_family_key:0.75/0.75 broad_shape_family_key:1.00/1.00 stolfi_signature_key:0.00/0.80 frame_terminal_key:0.55/0.55 edge_signature_key:0.35/0.35 left_boundary_merge_broad_key:0.00/0.00 right_boundary_merge_broad_key:0.00/0.00 left_boundary_merge_stolfi_key:0.00/0.00 right_boundary_merge_stolfi_key:0.00/0.00,good_but_not_reliable_enough,20,induction support below promoted threshold
section,meta_I,B,surface_token,qokal,H08,20,18,1,1.0,1,1,1,1,qokal,1,1,0.49,0.395,16:0.350/0.334 24:0.650/0.467 32:0.300/0.425 48:0.500/0.370 64:0.650/0.380,2,3,"surface_token_key, frame_terminal_key",surface_token_key:1.00/1.00 conservative_family_key:0.00/0.00 broad_shape_family_key:0.00/0.00 stolfi_signature_key:0.00/0.00 frame_terminal_key:1.00/1.00 edge_signature_key:0.00/1.00 left_boundary_merge_broad_key:0.00/0.00 right_boundary_merge_broad_key:0.00/0.00 left_boundary_merge_stolfi_key:0.00/0.00 right_boundary_merge_stolfi_key:0.00/0.00,good_but_not_reliable_enough,20,induction support below promoted threshold
section_currier,section_currier,B|B,surface_token,qokal,H08,20,18,1,1.0,1,1,1,1,qokal,1,1,0.49,0.395,16:0.350/0.334 24:0.650/0.467 32:0.300/0.425 48:0.500/0.370 64:0.650/0.380,2,3,"surface_token_key, frame_terminal_key",surface_token_key:1.00/1.00 conservative_family_key:0.00/0.00 broad_shape_family_key:0.00/0.00 stolfi_signature_key:0.00/0.00 frame_terminal_key:1.00/1.00 edge_signature_key:0.00/1.00 left_boundary_merge_broad_key:0.00/0.00 right_boundary_merge_broad_key:0.00/0.00 left_boundary_merge_stolfi_key:0.00/0.00 right_boundary_merge_stolfi_key:0.00/0.00,good_but_not_reliable_enough,20,induction support below promoted threshold
section_hand,section_hand,B|2,surface_token,qokal,H08,20,18,1,1.0,1,1,1,1,qokal,1,1,0.49,0.395,16:0.350/0.334 24:0.650/0.467 32:0.300/0.425 48:0.500/0.370 64:0.650/0.380,2,3,"surface_token_key, frame_terminal_key",surface_token_key:1.00/1.00 conservative_family_key:0.00/0.00 broad_shape_family_key:0.00/0.00 stolfi_signature_key:0.00/0.00 frame_terminal_key:1.00/1.00 edge_signature_key:0.00/1.00 left_boundary_merge_broad_key:0.00/0.00 right_boundary_merge_broad_key:0.00/0.00 left_boundary_merge_stolfi_key:0.00/0.00 right_boundary_merge_stolfi_key:0.00/0.00,good_but_not_reliable_enough,20,induction support below promoted threshold
section_marker,section_marker,B|paragraph_continuation,surface_token,qokal,H08,20,18,1,1.0,1,1,1,1,qokal,1,1,0.49,0.395,16:0.350/0.334 24:0.650/0.467 32:0.300/0.425 48:0.500/0.370 64:0.650/0.380,2,4,"surface_token_key, frame_terminal_key",surface_token_key:1.00/1.00 conservative_family_key:0.00/0.00 broad_shape_family_key:0.00/0.00 stolfi_signature_key:0.00/1.00 frame_terminal_key:1.00/1.00 edge_signature_key:0.00/1.00 left_boundary_merge_broad_key:0.00/0.00 right_boundary_merge_broad_key:0.00/0.00 left_boundary_merge_stolfi_key:0.00/0.00 right_boundary_merge_stolfi_key:0.00/0.00,good_but_not_reliable_enough,20,induction support below promoted threshold
global,global,global,surface_token,dol,R06,19,18,1,1.0,3,2,2,1,dol,1,5,0.916,0.452,16:1.000/0.446 24:0.895/0.437 32:0.947/0.483 48:0.947/0.448 64:0.789/0.446,2,2,"surface_token_key, edge_signature_key",surface_token_key:1.00/1.00 conservative_family_key:0.00/0.00 broad_shape_family_key:0.00/0.00 stolfi_signature_key:0.00/0.00 frame_terminal_key:0.00/0.00 edge_signature_key:1.00/1.00 left_boundary_merge_broad_key:0.00/0.00 right_boundary_merge_broad_key:0.00/0.00 left_boundary_merge_stolfi_key:0.00/0.00 right_boundary_merge_stolfi_key:0.00/0.00,good_but_not_reliable_enough,19,induction support below promoted threshold
line_marker,line_marker_family,paragraph_continuation,surface_token,dol,R06,19,18,1,1.0,3,2,2,1,dol,1,5,0.916,0.452,16:1.000/0.446 24:0.895/0.437 32:0.947/0.483 48:0.947/0.448 64:0.789/0.446,2,2,"surface_token_key, edge_signature_key",surface_token_key:1.00/1.00 conservative_family_key:0.00/0.00 broad_shape_family_key:0.00/0.00 stolfi_signature_key:0.00/0.00 frame_terminal_key:0.00/0.00 edge_signature_key:1.00/1.00 left_boundary_merge_broad_key:0.00/0.00 right_boundary_merge_broad_key:0.00/0.00 left_boundary_merge_stolfi_key:0.00/0.00 right_boundary_merge_stolfi_key:0.00/0.00,good_but_not_reliable_enough,19,induction support below promoted threshold
global,global,global,surface_token,dam,R06,18,18,1,1.0,6,3,4,5,dam,1,2,0.444,0.468,16:0.667/0.440 24:0.333/0.456 32:0.278/0.479 48:0.722/0.490 64:0.222/0.474,3,3,"surface_token_key, frame_terminal_key, edge_signature_key",surface_token_key:1.00/1.00 conservative_family_key:0.00/0.00 broad_shape_family_key:0.00/0.00 stolfi_signature_key:0.00/0.00 frame_terminal_key:1.00/1.00 edge_signature_key:1.00/1.00 left_boundary_merge_broad_key:0.00/0.00 right_boundary_merge_broad_key:0.00/0.00 left_boundary_merge_stolfi_key:0.00/0.00 right_boundary_merge_stolfi_key:0.00/0.00,good_but_not_reliable_enough,18,induction support below promoted threshold
global,global,global,surface_token,sheol,R06,17,17,1,1.0,6,3,4,4,sheol,5,5,0.8,0.485,16:0.882/0.464 24:0.706/0.496 32:0.824/0.480 48:0.765/0.512 64:0.824/0.473,1,2,surface_token_key,surface_token_key:1.00/1.00 conservative_family_key:0.00/0.00 broad_shape_family_key:0.00/0.00 stolfi_signature_key:0.00/0.00 frame_terminal_key:0.00/1.00 edge_signature_key:0.00/0.00 left_boundary_merge_broad_key:0.00/0.00 right_boundary_merge_broad_key:0.00/0.00 left_boundary_merge_stolfi_key:0.00/0.00 right_boundary_merge_stolfi_key:0.00/0.00,good_but_not_reliable_enough,17,tokenization robustness below promoted threshold
global,global,global,broad_shape,L|or,R00,16,16,4,1.0,4,1,2,2,"lor, ror, chlor, lror",1,2,0.463,0.484,16:0.375/0.480 24:0.438/0.461 32:0.500/0.482 48:0.375/0.495 64:0.625/0.501,3,5,"conservative_family_key, broad_shape_family_key, stolfi_signature_key",surface_token_key:0.00/0.69 conservative_family_key:0.75/0.75 broad_shape_family_key:1.00/1.00 stolfi_signature_key:1.00/1.00 frame_terminal_key:0.06/0.06 edge_signature_key:0.00/0.69 left_boundary_merge_broad_key:0.00/0.00 right_boundary_merge_broad_key:0.00/0.00 left_boundary_merge_stolfi_key:0.00/0.00 right_boundary_merge_stolfi_key:0.00/0.00,good_but_not_reliable_enough,16,induction support below promoted threshold
global,global,global,stolfi_inspired_signature,NG|S_LOL|T_or,R00,16,16,4,1.0,4,1,2,2,"lor, ror, chlor, lror",1,2,0.463,0.484,16:0.375/0.480 24:0.438/0.461 32:0.500/0.482 48:0.375/0.495 64:0.625/0.501,3,5,"conservative_family_key, broad_shape_family_key, stolfi_signature_key",surface_token_key:0.00/0.69 conservative_family_key:0.75/0.75 broad_shape_family_key:1.00/1.00 stolfi_signature_key:1.00/1.00 frame_terminal_key:0.06/0.06 edge_signature_key:0.00/0.69 left_boundary_merge_broad_key:0.00/0.00 right_boundary_merge_broad_key:0.00/0.00 left_boundary_merge_stolfi_key:0.00/0.00 right_boundary_merge_stolfi_key:0.00/0.00,good_but_not_reliable_enough,16,induction support below promoted threshold
global,global,global,stolfi_inspired_signature,NG|S_OX|T_NONE,R00,16,16,7,0.875,6,3,5,4,"chos, os, as, olos, og, dag, qoos",1,1,0.412,0.461,16:0.188/0.460 24:0.750/0.481 32:0.438/0.443 48:0.250/0.457 64:0.438/0.465,2,3,"conservative_family_key, broad_shape_family_key",surface_token_key:0.00/0.00 conservative_family_key:0.75/0.75 broad_shape_family_key:1.00/1.00 stolfi_signature_key:0.00/1.00 frame_terminal_key:0.50/0.50 edge_signature_key:0.44/0.44 left_boundary_merge_broad_key:0.00/0.00 right_boundary_merge_broad_key:0.00/0.00 left_boundary_merge_stolfi_key:0.00/0.00 right_boundary_merge_stolfi_key:0.00/0.00,good_but_not_reliable_enough,16,"role purity below promoted threshold, induction support below promoted threshold"
currier,meta_L,B,broad_shape,L|or,R00,16,16,4,1.0,4,1,2,2,"lor, ror, chlor, lror",1,2,0.463,0.484,16:0.375/0.480 24:0.438/0.461 32:0.500/0.482 48:0.375/0.495 64:0.625/0.501,3,6,"conservative_family_key, broad_shape_family_key, stolfi_signature_key",surface_token_key:0.00/0.69 conservative_family_key:0.75/0.75 broad_shape_family_key:1.00/1.00 stolfi_signature_key:1.00/1.00 frame_terminal_key:0.06/1.00 edge_signature_key:0.00/0.69 left_boundary_merge_broad_key:0.00/0.00 right_boundary_merge_broad_key:0.00/0.00 left_boundary_merge_stolfi_key:0.00/0.00 right_boundary_merge_stolfi_key:0.00/0.00,good_but_not_reliable_enough,16,induction support below promoted threshold
currier,meta_L,B,stolfi_inspired_signature,NG|S_LOL|T_or,R00,16,16,4,1.0,4,1,2,2,"lor, ror, chlor, lror",1,2,0.463,0.484,16:0.375/0.480 24:0.438/0.461 32:0.500/0.482 48:0.375/0.495 64:0.625/0.501,3,6,"conservative_family_key, broad_shape_family_key, stolfi_signature_key",surface_token_key:0.00/0.69 conservative_family_key:0.75/0.75 broad_shape_family_key:1.00/1.00 stolfi_signature_key:1.00/1.00 frame_terminal_key:0.06/1.00 edge_signature_key:0.00/0.69 left_boundary_merge_broad_key:0.00/0.00 right_boundary_merge_broad_key:0.00/0.00 left_boundary_merge_stolfi_key:0.00/0.00 right_boundary_merge_stolfi_key:0.00/0.00,good_but_not_reliable_enough,16,induction support below promoted threshold
global,global,global,stolfi_inspired_signature,G_k|S_OLY|T_y,R00,22,22,6,0.864,8,3,5,4,"okary, okaly, qokaly, okoaly, okoly, okory",5,5,0.936,0.663,16:0.955/0.659 24:0.909/0.682 32:0.955/0.650 48:0.955/0.661 64:0.909/0.662,3,6,"frame_terminal_key, left_boundary_merge_stolfi_key, right_boundary_merge_stolfi_key",surface_token_key:0.00/0.73 conservative_family_key:0.00/0.00 broad_shape_family_key:0.00/0.00 stolfi_signature_key:0.00/1.00 frame_terminal_key:0.86/0.86 edge_signature_key:0.00/0.86 left_boundary_merge_broad_key:0.00/0.00 right_boundary_merge_broad_key:0.00/0.00 left_boundary_merge_stolfi_key:0.59/0.59 right_boundary_merge_stolfi_key:0.77/0.77,good_but_not_reliable_enough,15,role purity below promoted threshold
global,global,global,conservative_morphology,os|NONE|OX,R00,15,14,6,0.933,5,3,5,4,"chos, os, okos, olos, otos, qoos",1,2,0.493,0.492,16:0.267/0.489 24:0.800/0.518 32:0.533/0.477 48:0.400/0.476 64:0.467/0.501,3,4,"conservative_family_key, broad_shape_family_key, frame_terminal_key",surface_token_key:0.00/0.00 conservative_family_key:1.00/1.00 broad_shape_family_key:1.00/1.00 stolfi_signature_key:0.00/0.80 frame_terminal_key:0.67/0.67 edge_signature_key:0.47/0.47 left_boundary_merge_broad_key:0.00/0.00 right_boundary_merge_broad_key:0.00/0.00 left_boundary_merge_stolfi_key:0.00/0.00 right_boundary_merge_stolfi_key:0.00/0.00,good_but_not_reliable_enough,15,induction support below promoted threshold
section,meta_I,B,surface_token,daiin,R10,15,12,1,1.0,1,1,1,1,daiin,1,1,0.147,0.504,16:0.000/0.445 24:0.000/0.454 32:0.000/0.440 48:0.000/0.468 64:0.733/0.714,2,2,"surface_token_key, frame_terminal_key",surface_token_key:1.00/1.00 conservative_family_key:0.00/0.00 broad_shape_family_key:0.00/0.00 stolfi_signature_key:0.00/0.00 frame_terminal_key:1.00/1.00 edge_signature_key:0.00/0.00 left_boundary_merge_broad_key:0.00/0.00 right_boundary_merge_broad_key:0.00/0.00 left_boundary_merge_stolfi_key:0.00/0.00 right_boundary_merge_stolfi_key:0.00/0.00,good_but_not_reliable_enough,15,induction support below promoted threshold
hand,meta_H,2,broad_shape,G|eedy,R00,15,15,7,0.867,2,1,1,2,"olkeedy, ykeedy, yteedy, keedy, teedy, olteedy, chkeedy",2,5,0.84,0.44,16:0.800/0.417 24:0.867/0.449 32:0.867/0.421 48:0.933/0.458 64:0.733/0.456,3,5,"conservative_family_key, stolfi_signature_key, edge_signature_key",surface_token_key:0.00/0.53 conservative_family_key:0.80/0.80 broad_shape_family_key:0.00/1.00 stolfi_signature_key:0.80/0.80 frame_terminal_key:0.00/0.73 edge_signature_key:0.60/0.60 left_boundary_merge_broad_key:0.00/0.00 right_boundary_merge_broad_key:0.00/0.00 left_boundary_merge_stolfi_key:0.00/0.00 right_boundary_merge_stolfi_key:0.00/0.00,good_but_not_reliable_enough,15,role purity below promoted threshold
line_marker,line_marker_family,paragraph_continuation,broad_shape,L|or,R00,15,15,4,1.0,4,1,2,1,"lor, ror, chlor, lror",1,2,0.48,0.488,16:0.400/0.482 24:0.467/0.463 32:0.533/0.485 48:0.400/0.501 64:0.600/0.509,3,5,"conservative_family_key, broad_shape_family_key, stolfi_signature_key",surface_token_key:0.00/0.73 conservative_family_key:0.80/0.80 broad_shape_family_key:1.00/1.00 stolfi_signature_key:1.00/1.00 frame_terminal_key:0.07/0.07 edge_signature_key:0.00/0.73 left_boundary_merge_broad_key:0.00/0.00 right_boundary_merge_broad_key:0.00/0.00 left_boundary_merge_stolfi_key:0.00/0.00 right_boundary_merge_stolfi_key:0.00/0.00,good_but_not_reliable_enough,15,induction support below promoted threshold
line_marker,line_marker_family,paragraph_continuation,stolfi_inspired_signature,NG|S_BOL|T_or,R06,15,15,5,0.867,5,3,4,1,"dchor, ychor, dshor, ochor, yshor",5,5,0.947,0.55,16:1.000/0.566 24:0.933/0.566 32:0.933/0.564 48:0.933/0.528 64:0.933/0.526,1,3,left_boundary_merge_stolfi_key,surface_token_key:0.00/0.00 conservative_family_key:0.00/0.00 broad_shape_family_key:0.00/0.00 stolfi_signature_key:0.00/1.00 frame_terminal_key:0.33/0.87 edge_signature_key:0.00/0.00 left_boundary_merge_broad_key:0.00/0.00 right_boundary_merge_broad_key:0.00/0.00 left_boundary_merge_stolfi_key:0.80/0.80 right_boundary_merge_stolfi_key:0.00/0.00,good_but_not_reliable_enough,15,"role purity below promoted threshold, tokenization robustness below promoted threshold"
line_marker,line_marker_family,paragraph_continuation,stolfi_inspired_signature,NG|S_LOL|T_or,R00,15,15,4,1.0,4,1,2,1,"lor, ror, chlor, lror",1,2,0.48,0.488,16:0.400/0.482 24:0.467/0.463 32:0.533/0.485 48:0.400/0.501 64:0.600/0.509,3,5,"conservative_family_key, broad_shape_family_key, stolfi_signature_key",surface_token_key:0.00/0.73 conservative_family_key:0.80/0.80 broad_shape_family_key:1.00/1.00 stolfi_signature_key:1.00/1.00 frame_terminal_key:0.07/0.07 edge_signature_key:0.00/0.73 left_boundary_merge_broad_key:0.00/0.00 right_boundary_merge_broad_key:0.00/0.00 left_boundary_merge_stolfi_key:0.00/0.00 right_boundary_merge_stolfi_key:0.00/0.00,good_but_not_reliable_enough,15,induction support below promoted threshold
section_currier,section_currier,B|B,surface_token,daiin,R10,15,12,1,1.0,1,1,1,1,daiin,1,1,0.147,0.504,16:0.000/0.445 24:0.000/0.454 32:0.000/0.440 48:0.000/0.468 64:0.733/0.714,2,2,"surface_token_key, frame_terminal_key",surface_token_key:1.00/1.00 conservative_family_key:0.00/0.00 broad_shape_family_key:0.00/0.00 stolfi_signature_key:0.00/0.00 frame_terminal_key:1.00/1.00 edge_signature_key:0.00/0.00 left_boundary_merge_broad_key:0.00/0.00 right_boundary_merge_broad_key:0.00/0.00 left_boundary_merge_stolfi_key:0.00/0.00 right_boundary_merge_stolfi_key:0.00/0.00,good_but_not_reliable_enough,15,induction support below promoted threshold
section_hand,section_hand,B|2,surface_token,daiin,R10,15,12,1,1.0,1,1,1,1,daiin,1,1,0.147,0.504,16:0.000/0.445 24:0.000/0.454 32:0.000/0.440 48:0.000/0.468 64:0.733/0.714,2,2,"surface_token_key, frame_terminal_key",surface_token_key:1.00/1.00 conservative_family_key:0.00/0.00 broad_shape_family_key:0.00/0.00 stolfi_signature_key:0.00/0.00 frame_terminal_key:1.00/1.00 edge_signature_key:0.00/0.00 left_boundary_merge_broad_key:0.00/0.00 right_boundary_merge_broad_key:0.00/0.00 left_boundary_merge_stolfi_key:0.00/0.00 right_boundary_merge_stolfi_key:0.00/0.00,good_but_not_reliable_enough,15,induction support below promoted threshold
section_marker,section_marker,B|paragraph_continuation,surface_token,daiin,R10,15,12,1,1.0,1,1,1,1,daiin,1,1,0.147,0.504,16:0.000/0.445 24:0.000/0.454 32:0.000/0.440 48:0.000/0.468 64:0.733/0.714,2,2,"surface_token_key, frame_terminal_key",surface_token_key:1.00/1.00 conservative_family_key:0.00/0.00 broad_shape_family_key:0.00/0.00 stolfi_signature_key:0.00/0.00 frame_terminal_key:1.00/1.00 edge_signature_key:0.00/0.00 left_boundary_merge_broad_key:0.00/0.00 right_boundary_merge_broad_key:0.00/0.00 left_boundary_merge_stolfi_key:0.00/0.00 right_boundary_merge_stolfi_key:0.00/0.00,good_but_not_reliable_enough,15,induction support below promoted threshold
currier_hand,currier_hand,B|2,broad_shape,G|eedy,R00,15,15,7,0.867,2,1,1,2,"olkeedy, ykeedy, yteedy, keedy, teedy, olteedy, chkeedy",2,5,0.84,0.44,16:0.800/0.417 24:0.867/0.449 32:0.867/0.421 48:0.933/0.458 64:0.733/0.456,3,5,"conservative_family_key, stolfi_signature_key, edge_signature_key",surface_token_key:0.00/0.53 conservative_family_key:0.80/0.80 broad_shape_family_key:0.00/1.00 stolfi_signature_key:0.80/0.80 frame_terminal_key:0.00/0.73 edge_signature_key:0.60/0.60 left_boundary_merge_broad_key:0.00/0.00 right_boundary_merge_broad_key:0.00/0.00 left_boundary_merge_stolfi_key:0.00/0.00 right_boundary_merge_stolfi_key:0.00/0.00,good_but_not_reliable_enough,15,role purity below promoted threshold
currier_marker,currier_marker,B|paragraph_continuation,broad_shape,L|or,R00,15,15,4,1.0,4,1,2,1,"lor, ror, chlor, lror",1,2,0.48,0.488,16:0.400/0.482 24:0.467/0.463 32:0.533/0.485 48:0.400/0.501 64:0.600/0.509,3,5,"conservative_family_key, broad_shape_family_key, stolfi_signature_key",surface_token_key:0.00/0.73 conservative_family_key:0.80/0.80 broad_shape_family_key:1.00/1.00 stolfi_signature_key:1.00/1.00 frame_terminal_key:0.07/0.07 edge_signature_key:0.00/0.73 left_boundary_merge_broad_key:0.00/0.00 right_boundary_merge_broad_key:0.00/0.00 left_boundary_merge_stolfi_key:0.00/0.00 right_boundary_merge_stolfi_key:0.00/0.00,good_but_not_reliable_enough,15,induction support below promoted threshold
currier_marker,currier_marker,B|paragraph_continuation,stolfi_inspired_signature,NG|S_LOL|T_or,R00,15,15,4,1.0,4,1,2,1,"lor, ror, chlor, lror",1,2,0.48,0.488,16:0.400/0.482 24:0.467/0.463 32:0.533/0.485 48:0.400/0.501 64:0.600/0.509,3,5,"conservative_family_key, broad_shape_family_key, stolfi_signature_key",surface_token_key:0.00/0.73 conservative_family_key:0.80/0.80 broad_shape_family_key:1.00/1.00 stolfi_signature_key:1.00/1.00 frame_terminal_key:0.07/0.07 edge_signature_key:0.00/0.73 left_boundary_merge_broad_key:0.00/0.00 right_boundary_merge_broad_key:0.00/0.00 left_boundary_merge_stolfi_key:0.00/0.00 right_boundary_merge_stolfi_key:0.00/0.00,good_but_not_reliable_enough,15,induction support below promoted threshold
section,meta_I,B,stolfi_inspired_signature,NG|S_EDY|T_edy,R06,22,20,3,0.864,1,1,1,1,"sheedy, cheedy, qoeedy",4,5,0.873,0.468,16:0.955/0.450 24:0.773/0.480 32:0.909/0.453 48:0.864/0.477 64:0.864/0.483,1,4,surface_token_key,surface_token_key:0.59/0.59 conservative_family_key:0.00/0.00 broad_shape_family_key:0.00/0.00 stolfi_signature_key:0.00/1.00 frame_terminal_key:0.00/0.59 edge_signature_key:0.00/0.59 left_boundary_merge_broad_key:0.00/0.00 right_boundary_merge_broad_key:0.00/0.00 left_boundary_merge_stolfi_key:0.00/0.36 right_boundary_merge_stolfi_key:0.00/0.00,good_but_not_reliable_enough,9,"role purity below promoted threshold, tokenization robustness below promoted threshold"
section_currier,section_currier,B|B,stolfi_inspired_signature,NG|S_EDY|T_edy,R06,22,20,3,0.864,1,1,1,1,"sheedy, cheedy, qoeedy",4,5,0.873,0.468,16:0.955/0.450 24:0.773/0.480 32:0.909/0.453 48:0.864/0.477 64:0.864/0.483,1,4,surface_token_key,surface_token_key:0.59/0.59 conservative_family_key:0.00/0.00 broad_shape_family_key:0.00/0.00 stolfi_signature_key:0.00/1.00 frame_terminal_key:0.00/0.59 edge_signature_key:0.00/0.59 left_boundary_merge_broad_key:0.00/0.00 right_boundary_merge_broad_key:0.00/0.00 left_boundary_merge_stolfi_key:0.00/0.36 right_boundary_merge_stolfi_key:0.00/0.00,good_but_not_reliable_enough,9,"role purity below promoted threshold, tokenization robustness below promoted threshold"
section_hand,section_hand,B|2,stolfi_inspired_signature,NG|S_EDY|T_edy,R06,22,20,3,0.864,1,1,1,1,"sheedy, cheedy, qoeedy",4,5,0.873,0.468,16:0.955/0.450 24:0.773/0.480 32:0.909/0.453 48:0.864/0.477 64:0.864/0.483,1,4,surface_token_key,surface_token_key:0.59/0.59 conservative_family_key:0.00/0.00 broad_shape_family_key:0.00/0.00 stolfi_signature_key:0.00/1.00 frame_terminal_key:0.00/0.59 edge_signature_key:0.00/0.59 left_boundary_merge_broad_key:0.00/0.00 right_boundary_merge_broad_key:0.00/0.00 left_boundary_merge_stolfi_key:0.00/0.36 right_boundary_merge_stolfi_key:0.00/0.00,good_but_not_reliable_enough,9,"role purity below promoted threshold, tokenization robustness below promoted threshold"
section_marker,section_marker,B|paragraph_continuation,stolfi_inspired_signature,NG|S_EDY|T_edy,R06,22,20,3,0.864,1,1,1,1,"sheedy, cheedy, qoeedy",4,5,0.873,0.468,16:0.955/0.450 24:0.773/0.480 32:0.909/0.453 48:0.864/0.477 64:0.864/0.483,1,4,surface_token_key,surface_token_key:0.59/0.59 conservative_family_key:0.00/0.00 broad_shape_family_key:0.00/0.00 stolfi_signature_key:0.00/1.00 frame_terminal_key:0.00/0.59 edge_signature_key:0.00/0.59 left_boundary_merge_broad_key:0.00/0.00 right_boundary_merge_broad_key:0.00/0.00 left_boundary_merge_stolfi_key:0.00/0.36 right_boundary_merge_stolfi_key:0.00/0.00,good_but_not_reliable_enough,9,"role purity below promoted threshold, tokenization robustness below promoted threshold"
section,meta_I,H,surface_token,daiin,R10,78,67,1,1.0,1,2,2,3,daiin,1,1,0.172,0.509,16:0.000/0.442 24:0.000/0.473 32:0.000/0.430 48:0.000/0.450 64:0.859/0.751,2,3,"surface_token_key, frame_terminal_key",surface_token_key:1.00/1.00 conservative_family_key:0.00/0.00 broad_shape_family_key:0.00/0.00 stolfi_signature_key:0.00/0.00 frame_terminal_key:1.00/1.00 edge_signature_key:0.00/1.00 left_boundary_merge_broad_key:0.13/0.13 right_boundary_merge_broad_key:0.00/0.00 left_boundary_merge_stolfi_key:0.00/0.10 right_boundary_merge_stolfi_key:0.00/0.00,good_but_not_reliable_enough,5,induction support below promoted threshold
section_marker,section_marker,H|paragraph_continuation,surface_token,daiin,R10,73,62,1,1.0,1,2,2,1,daiin,1,1,0.17,0.51,16:0.000/0.445 24:0.000/0.474 32:0.000/0.433 48:0.000/0.449 64:0.849/0.751,2,3,"surface_token_key, frame_terminal_key",surface_token_key:1.00/1.00 conservative_family_key:0.00/0.00 broad_shape_family_key:0.00/0.00 stolfi_signature_key:0.00/0.00 frame_terminal_key:1.00/1.00 edge_signature_key:0.00/1.00 left_boundary_merge_broad_key:0.14/0.14 right_boundary_merge_broad_key:0.00/0.00 left_boundary_merge_stolfi_key:0.00/0.11 right_boundary_merge_stolfi_key:0.00/0.00,good_but_not_reliable_enough,5,induction support below promoted threshold
section,meta_I,C,stolfi_inspired_signature,NG|S_OL|T_r,R06,18,15,8,0.889,1,2,2,4,"ar, dar, sar, or, shor, char, oar, dor",3,5,0.633,0.513,16:0.778/0.495 24:0.556/0.507 32:0.667/0.521 48:0.667/0.543 64:0.500/0.501,1,1,stolfi_signature_key,surface_token_key:0.00/0.00 conservative_family_key:0.00/0.00 broad_shape_family_key:0.00/0.00 stolfi_signature_key:1.00/1.00 frame_terminal_key:0.00/0.00 edge_signature_key:0.00/0.00 left_boundary_merge_broad_key:0.00/0.00 right_boundary_merge_broad_key:0.00/0.00 left_boundary_merge_stolfi_key:0.00/0.00 right_boundary_merge_stolfi_key:0.00/0.00,good_but_not_reliable_enough,5,"role purity below promoted threshold, tokenization robustness below promoted threshold"
