lens,induction_k,induced_cluster,cluster_occurrences,cluster_units,cluster_dominant_role,cluster_dominant_role_share,cluster_top_roles
surface_token,24,0,197,9,R00,0.416,"R00,H01,R06"
surface_token,24,1,77,4,R06,0.519,"R06,R09"
surface_token,24,2,69,2,R06,1.0,R06
surface_token,24,3,40,2,R00,0.625,"R00,H13"
surface_token,24,4,401,9,H08,0.254,"H08,H12,H01"
surface_token,24,5,23,2,R01,1.0,R01
surface_token,24,6,129,4,R06,1.0,R06
surface_token,24,7,49,4,R00,0.694,"R00,R06"
surface_token,24,8,273,8,H08,0.579,"H08,R07,R03"
surface_token,24,9,332,9,R06,0.389,"R06,R02,R01"
surface_token,24,10,38,2,R00,1.0,R00
surface_token,24,11,56,4,R04,0.679,"R04,R07"
surface_token,24,12,235,9,R06,0.736,"R06,R00"
surface_token,24,13,88,4,R02,0.648,"R02,R06"
surface_token,24,14,117,7,R06,1.0,R06
surface_token,24,15,22,2,H13,1.0,H13
surface_token,24,16,204,7,R07,0.471,"R07,R00,R06"
surface_token,24,17,259,6,R10,0.907,"R10,R00,H13"
surface_token,24,18,58,4,R00,0.362,"R00,H09,H13"
surface_token,24,19,129,7,R06,0.705,"R06,R00"
surface_token,24,20,34,3,R00,0.676,"R00,R06"
surface_token,24,21,25,2,R01,0.52,"R01,R00"
surface_token,24,22,270,6,R06,0.778,"R06,R11"
surface_token,24,23,10,1,R00,1.0,R00
conservative_morphology,24,0,47,3,R04,0.532,"R04,R00,H07"
conservative_morphology,24,1,186,4,R00,0.543,"R00,R04,R06"
conservative_morphology,24,2,12,1,R00,0.5,"R00,R06,H07"
conservative_morphology,24,3,153,7,R00,0.562,"R00,R06,H08"
conservative_morphology,24,4,143,6,R00,0.58,"R00,R06,R09"
conservative_morphology,24,5,124,3,R02,0.46,"R02,R00,R06"
conservative_morphology,24,6,1599,9,R06,0.36,"R06,R10,R00"
conservative_morphology,24,7,124,6,R00,0.653,"R00,R06,H11"
conservative_morphology,24,8,233,8,R00,0.386,"R00,R06,H01"
conservative_morphology,24,9,34,3,R06,0.294,"R06,H08,R00"
conservative_morphology,24,10,77,3,R00,0.494,"R00,R06,H08"
conservative_morphology,24,11,570,2,R06,0.228,"R06,H01,R02"
conservative_morphology,24,12,64,4,R06,0.656,"R06,R00"
conservative_morphology,24,13,144,5,R00,0.438,"R00,R06,H09"
conservative_morphology,24,14,26,1,R00,0.692,"R00,R06,H08"
conservative_morphology,24,15,27,2,R00,0.778,"R00,H21,H07"
conservative_morphology,24,16,12,1,R00,1.0,R00
conservative_morphology,24,17,32,2,R00,0.625,"R00,R06"
conservative_morphology,24,18,32,2,R00,0.562,"R00,R06"
conservative_morphology,24,19,43,2,R00,0.884,"R00,H07"
conservative_morphology,24,20,99,4,R06,0.545,"R06,R00,H08"
conservative_morphology,24,21,27,2,R00,0.593,"R00,R10,R06"
conservative_morphology,24,22,46,3,R06,0.761,"R06,R00"
conservative_morphology,24,23,367,3,R06,0.531,"R06,H08,R00"
broad_shape,24,0,1653,7,R06,0.369,"R06,R10,R00"
broad_shape,24,1,180,6,R00,0.611,"R00,R06,R09"
broad_shape,24,2,439,13,R06,0.428,"R06,R00,H01"
broad_shape,24,3,367,3,R06,0.531,"R06,H08,R00"
broad_shape,24,4,95,5,R00,0.747,"R00,R06,R03"
broad_shape,24,5,167,6,R06,0.599,"R06,R00,R07"
broad_shape,24,6,258,5,R00,0.523,"R00,R06,H08"
broad_shape,24,7,176,5,R00,0.557,"R00,R06,H08"
broad_shape,24,8,10,1,R00,1.0,R00
broad_shape,24,9,115,5,R00,0.365,"R00,R04,R07"
broad_shape,24,10,45,3,R00,0.844,"R00,H21,H07"
broad_shape,24,11,20,1,R10,0.6,"R10,R06,H07"
broad_shape,24,12,122,7,R00,0.516,"R00,R06,R07"
broad_shape,24,13,56,2,R00,0.661,"R00,R06,H08"
broad_shape,24,14,207,5,R00,0.57,"R00,R06,R04"
broad_shape,24,15,61,3,R06,0.492,"R06,R00,H08"
broad_shape,24,16,70,2,R00,0.929,"R00,H07"
broad_shape,24,17,59,1,R00,0.576,"R00,H11,R06"
broad_shape,24,18,63,4,R00,0.492,"R00,R06,R03"
broad_shape,24,19,58,4,R00,0.397,"R00,H08,R06"
broad_shape,24,20,237,12,R00,0.473,"R00,R06,H08"
broad_shape,24,21,234,9,R00,0.423,"R00,R06,R02"
broad_shape,24,22,582,3,R06,0.223,"R06,H01,R02"
broad_shape,24,23,39,3,R00,0.564,"R00,R06,R10"
stolfi_inspired_signature,24,0,143,5,R00,0.671,"R00,R06,H07"
stolfi_inspired_signature,24,1,159,9,R00,0.566,"R00,R06,R09"
stolfi_inspired_signature,24,2,333,4,H01,0.33,"H01,H12,R00"
stolfi_inspired_signature,24,3,49,3,R06,0.776,"R06,R00"
stolfi_inspired_signature,24,4,841,7,R06,0.602,"R06,R00,R07"
stolfi_inspired_signature,24,5,102,6,R00,0.716,"R00,H11,R06"
stolfi_inspired_signature,24,6,192,8,R06,0.547,"R06,R00,H07"
stolfi_inspired_signature,24,7,127,7,R06,0.409,"R06,R04,R00"
stolfi_inspired_signature,24,8,150,7,R06,0.5,"R06,R00,H07"
stolfi_inspired_signature,24,9,529,9,R06,0.624,"R06,R00,R02"
stolfi_inspired_signature,24,10,72,5,R01,0.375,"R01,H13,R00"
stolfi_inspired_signature,24,11,50,3,R00,0.5,"R00,H09,R06"
stolfi_inspired_signature,24,12,441,5,R10,0.469,"R10,R06,R00"
stolfi_inspired_signature,24,13,82,5,R06,0.463,"R06,R00,H01"
stolfi_inspired_signature,24,14,34,2,R00,0.412,"R00,R04,H07"
stolfi_inspired_signature,24,15,131,4,R02,0.435,"R02,R00,R06"
stolfi_inspired_signature,24,16,34,2,R00,0.824,"R00,H21,H07"
stolfi_inspired_signature,24,17,70,2,R00,0.929,"R00,H07"
stolfi_inspired_signature,24,18,76,4,R00,0.75,"R00,R06,H07"
stolfi_inspired_signature,24,19,27,1,R00,0.704,"R00,R06"
stolfi_inspired_signature,24,20,213,5,H08,0.62,"H08,R06,R00"
stolfi_inspired_signature,24,21,365,6,H08,0.348,"H08,R07,R03"
stolfi_inspired_signature,24,22,98,5,R00,0.52,"R00,R06"
stolfi_inspired_signature,24,23,221,7,R00,0.502,"R00,R06,H01"
surface_token,32,0,156,4,R06,1.0,R06
surface_token,32,1,176,6,R10,0.443,"R10,R07,R03"
surface_token,32,2,300,8,R06,0.447,"R06,R07,R09"
surface_token,32,3,333,8,H01,0.33,"H01,H12,R00"
surface_token,32,4,279,10,R06,0.785,"R06,R11"
surface_token,32,5,40,2,R00,0.625,"R00,H13"
surface_token,32,6,223,4,R06,0.578,"R06,R02"
surface_token,32,7,113,6,R02,0.504,"R02,R06,R00"
surface_token,32,8,117,6,R06,0.675,"R06,R00"
surface_token,32,9,66,5,R04,0.576,"R04,R07,R06"
surface_token,32,10,38,2,R00,1.0,R00
surface_token,32,11,99,4,H01,0.596,"H01,R00,R01"
surface_token,32,12,35,2,R10,0.657,"R10,H13"
surface_token,32,13,22,2,R06,0.5,"R06,R00"
surface_token,32,14,42,3,R00,0.5,"R00,H13,H08"
surface_token,32,15,168,7,R06,1.0,R06
surface_token,32,16,23,2,R00,1.0,R00
surface_token,32,17,151,4,H08,0.675,"H08,R06,R00"
surface_token,32,18,67,4,R00,0.746,"R00,R06"
surface_token,32,19,98,5,R00,0.541,"R00,R06,R04"
surface_token,32,20,203,6,H08,0.778,"H08,R03,H09"
surface_token,32,21,23,2,R00,1.0,R00
surface_token,32,22,12,1,R06,1.0,R06
surface_token,32,23,11,1,R06,1.0,R06
surface_token,32,24,22,2,H13,1.0,H13
surface_token,32,25,35,2,R00,1.0,R00
surface_token,32,26,23,2,R01,1.0,R01
surface_token,32,27,23,1,R00,1.0,R00
surface_token,32,28,25,2,R01,0.52,"R01,R00"
surface_token,32,29,10,1,R06,1.0,R06
surface_token,32,30,11,1,R00,1.0,R00
surface_token,32,31,191,2,R10,0.702,"R10,R06"
conservative_morphology,32,0,92,1,R02,0.62,"R02,R00,R06"
conservative_morphology,32,1,14,1,R00,0.643,"R00,R06"
conservative_morphology,32,2,164,7,R00,0.585,"R00,R06,H09"
conservative_morphology,32,3,367,3,R06,0.531,"R06,H08,R00"
conservative_morphology,32,4,72,4,R00,0.639,"R00,R06"
conservative_morphology,32,5,1599,9,R06,0.36,"R06,R10,R00"
conservative_morphology,32,6,13,1,R04,1.0,R04
conservative_morphology,32,7,153,6,R00,0.542,"R00,R06,H08"
conservative_morphology,32,8,14,1,R00,0.5,"R00,R06"
conservative_morphology,32,9,378,10,R00,0.466,"R00,R06,H01"
conservative_morphology,32,10,23,2,H08,0.348,"H08,R06,H13"
conservative_morphology,32,11,32,2,R00,0.562,"R00,R06"
conservative_morphology,32,12,14,1,R06,0.571,"R06,R00"
conservative_morphology,32,13,43,2,R06,0.488,"R06,R10,R00"
conservative_morphology,32,14,43,2,R00,0.884,"R00,H07"
conservative_morphology,32,15,12,1,R00,0.667,"R00,R01,H13"
conservative_morphology,32,16,34,2,R00,0.412,"R00,R04,H07"
conservative_morphology,32,17,89,3,R06,0.584,"R06,R00,H08"
conservative_morphology,32,18,10,1,R06,0.6,"R06,R00"
conservative_morphology,32,19,570,2,R06,0.228,"R06,H01,R02"
conservative_morphology,32,20,93,4,R00,0.548,"R00,R06,H15"
conservative_morphology,32,21,50,1,R00,0.58,"R00,H11,R06"
conservative_morphology,32,22,73,5,R06,0.479,"R06,R00,H21"
conservative_morphology,32,23,20,1,R00,0.7,"R00,R06,H08"
conservative_morphology,32,24,42,3,R00,0.714,"R00,R06,H08"
conservative_morphology,32,25,17,1,R00,0.588,"R00,R10,R05"
conservative_morphology,32,26,39,2,R06,0.769,"R06,R00"
conservative_morphology,32,27,12,1,R00,1.0,R00
conservative_morphology,32,28,21,1,R06,0.476,"R06,R00,H08"
conservative_morphology,32,29,63,2,R00,0.492,"R00,R06,H08"
conservative_morphology,32,30,35,3,R00,0.429,"R00,R09,R06"
conservative_morphology,32,31,20,1,R06,0.5,"R06,R07,H13"
broad_shape,32,0,45,3,R00,0.844,"R00,H21,H07"
broad_shape,32,1,24,1,R06,0.917,"R06,R00"
broad_shape,32,2,56,3,R06,0.554,"R06,R00"
broad_shape,32,3,145,4,R00,0.455,"R00,R06,H08"
broad_shape,32,4,570,2,R06,0.228,"R06,H01,R02"
broad_shape,32,5,122,6,R06,0.549,"R06,R00"
broad_shape,32,6,130,5,R06,0.646,"R06,R00,R07"
broad_shape,32,7,58,4,R00,0.862,"R00,R06,R07"
broad_shape,32,8,23,1,R00,0.696,"R00,R06,R03"
broad_shape,32,9,256,7,R00,0.539,"R00,R06,H08"
broad_shape,32,10,153,3,R06,0.379,"R06,R02,R00"
broad_shape,32,11,176,5,R00,0.557,"R00,R06,H08"
broad_shape,32,12,24,1,H08,0.333,"H08,R06,R00"
broad_shape,32,13,14,1,R00,0.643,"R00,R06"
broad_shape,32,14,422,9,R00,0.519,"R00,R06,H01"
broad_shape,32,15,11,1,R00,0.455,"R00,R06,H08"
broad_shape,32,16,171,7,R00,0.62,"R00,R06,H08"
broad_shape,32,17,17,1,R00,0.588,"R00,R10,R05"
broad_shape,32,18,20,1,R10,0.6,"R10,R06,H07"
broad_shape,32,19,94,5,R00,0.574,"R00,R06,R09"
broad_shape,32,20,1520,4,R06,0.362,"R06,R10,H08"
broad_shape,32,21,59,1,R00,0.576,"R00,H11,R06"
broad_shape,32,22,367,3,R06,0.531,"R06,H08,R00"
broad_shape,32,23,136,5,R06,0.713,"R06,R00,H07"
broad_shape,32,24,70,2,R00,0.929,"R00,H07"
broad_shape,32,25,24,2,R00,0.5,"R00,R09,R06"
broad_shape,32,26,106,4,R00,0.538,"R00,R06"
broad_shape,32,27,192,9,R00,0.552,"R00,R06,R09"
broad_shape,32,28,108,5,R00,0.435,"R00,R04,R07"
broad_shape,32,29,34,3,R00,0.559,"R00,R09,R06"
broad_shape,32,30,74,4,R00,0.473,"R00,R06,R07"
broad_shape,32,31,92,3,R00,0.587,"R00,R06,H09"
stolfi_inspired_signature,32,0,131,4,R02,0.435,"R02,R00,R06"
stolfi_inspired_signature,32,1,17,1,R00,0.706,"R00,R06"
stolfi_inspired_signature,32,2,33,2,R01,0.697,"R01,H13"
stolfi_inspired_signature,32,3,62,5,R06,0.532,"R06,R00,H15"
stolfi_inspired_signature,32,4,219,9,R00,0.534,"R00,R06,H07"
stolfi_inspired_signature,32,5,30,2,R06,0.8,"R06,R00"
stolfi_inspired_signature,32,6,413,5,H08,0.269,"H08,H12,H01"
stolfi_inspired_signature,32,7,36,2,R00,0.917,"R00,H08"
stolfi_inspired_signature,32,8,196,10,R06,0.505,"R06,R00,H21"
stolfi_inspired_signature,32,9,732,5,R06,0.563,"R06,R00,R07"
stolfi_inspired_signature,32,10,329,4,R06,0.395,"R06,R02,R01"
stolfi_inspired_signature,32,11,391,3,R10,0.529,"R10,R06,H08"
stolfi_inspired_signature,32,12,30,2,R06,0.833,"R06,R00"
stolfi_inspired_signature,32,13,63,4,R00,0.571,"R00,R06,R04"
stolfi_inspired_signature,32,14,17,1,R00,0.941,"R00,H07"
stolfi_inspired_signature,32,15,73,3,R00,0.562,"R00,H08,H13"
stolfi_inspired_signature,32,16,184,10,R00,0.516,"R00,R06,R09"
stolfi_inspired_signature,32,17,10,1,R06,0.9,"R06,R00"
stolfi_inspired_signature,32,18,112,4,R00,0.482,"R00,R06,H08"
stolfi_inspired_signature,32,19,127,3,R00,0.457,"R00,R04,R06"
stolfi_inspired_signature,32,20,34,2,R00,0.588,"R00,R06,H21"
stolfi_inspired_signature,32,21,154,8,R00,0.519,"R00,R06,R09"
stolfi_inspired_signature,32,22,292,7,R06,0.685,"R06,R00,H07"
stolfi_inspired_signature,32,23,227,3,R06,0.366,"R06,H08,R10"
stolfi_inspired_signature,32,24,47,3,R00,0.957,"R00,R06,H07"
stolfi_inspired_signature,32,25,50,3,R00,0.5,"R00,H09,R06"
stolfi_inspired_signature,32,26,16,1,R00,0.625,"R00,R10,R05"
stolfi_inspired_signature,32,27,66,4,R00,0.621,"R00,H11,H08"
stolfi_inspired_signature,32,28,140,3,H01,0.421,"H01,R00,R06"
stolfi_inspired_signature,32,29,34,2,R00,0.412,"R00,R04,H07"
stolfi_inspired_signature,32,30,258,4,H08,0.24,"H08,R07,R03"
stolfi_inspired_signature,32,31,16,1,R00,0.5,"R00,R06"
surface_token,40,0,29,1,R06,1.0,R06
surface_token,40,1,72,5,R06,1.0,R06
surface_token,40,2,102,2,R06,1.0,R06
surface_token,40,3,293,8,R06,0.526,"R06,R02,R00"
surface_token,40,4,40,2,R00,0.625,"R00,H13"
surface_token,40,5,21,1,R00,1.0,R00
surface_token,40,6,86,3,R07,0.686,"R07,R03"
surface_token,40,7,38,2,R00,1.0,R00
surface_token,40,8,168,4,R07,0.571,"R07,R11,R00"
surface_token,40,9,56,4,R04,0.679,"R04,R07"
surface_token,40,10,230,3,R10,0.583,"R10,R06"
surface_token,40,11,49,4,R00,0.694,"R00,R06"
surface_token,40,12,139,3,H12,0.64,"H12,R00,H09"
surface_token,40,13,47,4,H13,0.468,"H13,R01,R00"
surface_token,40,14,23,2,R00,1.0,R00
surface_token,40,15,151,4,H08,0.675,"H08,R06,R00"
surface_token,40,16,83,4,R06,1.0,R06
surface_token,40,17,12,1,R00,1.0,R00
surface_token,40,18,10,1,R06,1.0,R06
surface_token,40,19,35,2,R10,0.657,"R10,H13"
surface_token,40,20,118,2,H01,0.72,"H01,R00"
surface_token,40,21,29,2,R06,1.0,R06
surface_token,40,22,11,1,R06,1.0,R06
surface_token,40,23,80,3,R06,1.0,R06
surface_token,40,24,100,4,R09,0.37,"R09,R00,R08"
surface_token,40,25,20,1,H08,1.0,H08
surface_token,40,26,98,5,R00,0.541,"R00,R06,R04"
surface_token,40,27,88,4,R02,0.648,"R02,R06"
surface_token,40,28,117,6,R06,0.778,"R06,R00"
surface_token,40,29,21,2,H13,0.524,"H13,H08"
surface_token,40,30,10,1,R06,1.0,R06
surface_token,40,31,67,4,R00,0.746,"R00,R06"
surface_token,40,32,75,4,R01,0.707,"R01,H17"
surface_token,40,33,93,2,H08,0.613,"H08,R10"
surface_token,40,34,66,2,H08,0.561,"H08,R03"
surface_token,40,35,210,4,R06,1.0,R06
surface_token,40,36,110,5,H01,0.536,"H01,R00,R01"
surface_token,40,37,40,2,H01,0.625,"H01,R01"
surface_token,40,38,86,2,H08,0.512,"H08,R10"
surface_token,40,39,12,1,R00,1.0,R00
conservative_morphology,40,0,89,5,R00,0.652,"R00,R06,H21"
conservative_morphology,40,1,506,2,R07,0.306,"R07,R06,H08"
conservative_morphology,40,2,42,1,R00,0.5,"R00,H09,R06"
conservative_morphology,40,3,78,2,R00,0.41,"R00,R06,H08"
conservative_morphology,40,4,281,7,R00,0.434,"R00,H01,R06"
conservative_morphology,40,5,41,2,R06,0.488,"R06,R00,R07"
conservative_morphology,40,6,172,2,R06,0.593,"R06,H08,R00"
conservative_morphology,40,7,34,2,R00,0.412,"R00,R04,H07"
conservative_morphology,40,8,190,6,R00,0.505,"R00,R06,H08"
conservative_morphology,40,9,52,4,R00,0.596,"R00,R06,H07"
conservative_morphology,40,10,77,3,R00,0.494,"R00,R06,H08"
conservative_morphology,40,11,195,1,R06,0.477,"R06,H08,R01"
conservative_morphology,40,12,20,1,R10,0.6,"R10,R06,H07"
conservative_morphology,40,13,50,4,R00,0.5,"R00,R06,H08"
conservative_morphology,40,15,50,3,R06,0.7,"R06,R00"
conservative_morphology,40,16,43,2,R00,0.884,"R00,H07"
conservative_morphology,40,17,380,1,R10,0.545,"R10,R06,H08"
conservative_morphology,40,18,11,1,R06,0.727,"R06,R00,H13"
conservative_morphology,40,19,13,1,R04,1.0,R04
conservative_morphology,40,20,570,2,R06,0.228,"R06,H01,R02"
conservative_morphology,40,21,63,1,R00,0.54,"R00,H13,H08"
conservative_morphology,40,22,89,5,R00,0.674,"R00,R06,H08"
conservative_morphology,40,24,20,1,R00,0.7,"R00,R06,H08"
conservative_morphology,40,25,39,2,R06,0.769,"R06,R00"
conservative_morphology,40,26,39,3,R00,0.564,"R00,R09,R06"
conservative_morphology,40,27,12,1,R00,1.0,R00
conservative_morphology,40,28,435,3,R06,0.517,"R06,R11,R03"
conservative_morphology,40,29,10,1,R06,0.8,"R06,R00"
conservative_morphology,40,30,32,2,R00,0.625,"R00,R06"
conservative_morphology,40,31,226,1,R06,0.367,"R06,H08,R10"
conservative_morphology,40,33,11,1,R00,0.818,"R00,H08"
conservative_morphology,40,34,12,1,R00,0.5,"R00,R06,H07"
conservative_morphology,40,35,235,7,R00,0.434,"R00,R02,R06"
conservative_morphology,40,36,11,1,R06,0.273,"R06,R09,R00"
conservative_morphology,40,37,61,2,R00,0.508,"R00,R06,H15"
conservative_morphology,40,38,16,1,R06,0.75,"R06,R00"
conservative_morphology,40,39,16,1,R00,0.438,"R00,R06,H08"
broad_shape,40,0,280,6,R00,0.421,"R00,R06,H01"
broad_shape,40,1,150,8,R06,0.567,"R06,R00,R09"
broad_shape,40,2,122,2,R02,0.467,"R02,R06,R00"
broad_shape,40,3,60,3,R06,0.5,"R06,R00,R07"
broad_shape,40,4,218,5,R00,0.486,"R00,R04,R06"
broad_shape,40,5,165,5,R00,0.618,"R00,R06,H09"
broad_shape,40,6,42,2,R06,0.548,"R06,R00"
broad_shape,40,7,70,2,R00,0.929,"R00,H07"
broad_shape,40,8,452,4,R10,0.458,"R10,R06,H08"
broad_shape,40,9,138,8,R00,0.587,"R00,R06,R07"
broad_shape,40,10,91,4,R06,0.582,"R06,R00,R07"
broad_shape,40,11,176,5,R00,0.557,"R00,R06,H08"
broad_shape,40,12,47,3,R00,0.957,"R00,R06,H07"
broad_shape,40,13,60,3,R06,0.517,"R06,R00,R01"
broad_shape,40,14,45,3,R00,0.844,"R00,H21,H07"
broad_shape,40,15,25,1,R00,0.52,"R00,R06,H08"
broad_shape,40,16,21,2,R00,0.762,"R00,R10,R01"
broad_shape,40,17,367,3,R06,0.531,"R06,H08,R00"
broad_shape,40,18,90,2,R00,0.611,"R00,H08,H13"
broad_shape,40,19,43,1,R00,0.837,"R00,R06"
broad_shape,40,20,102,3,R06,0.578,"R06,R00,H08"
broad_shape,40,21,12,1,R00,0.5,"R00,R09,R06"
broad_shape,40,22,582,3,R06,0.223,"R06,H01,R02"
broad_shape,40,23,24,1,R06,0.917,"R06,R00"
broad_shape,40,24,111,5,R06,0.739,"R06,R00,H07"
broad_shape,40,25,12,1,R00,0.5,"R00,R06,H07"
broad_shape,40,26,902,2,R06,0.4,"R06,R07,R00"
broad_shape,40,27,212,7,R00,0.665,"R00,R06,R09"
broad_shape,40,28,17,1,R00,0.588,"R00,R10,R05"
broad_shape,40,29,11,1,R06,0.727,"R06,R00"
broad_shape,40,30,227,1,R06,0.366,"R06,H08,R10"
broad_shape,40,31,84,2,R00,0.488,"R00,R06,H08"
broad_shape,40,32,136,7,R00,0.581,"R00,R06,H08"
broad_shape,40,33,30,1,R06,0.6,"R06,R00"
broad_shape,40,34,25,1,R00,0.96,"R00,R04"
broad_shape,40,35,20,1,R00,0.9,"R00,R06,H07"
broad_shape,40,36,20,1,R10,0.6,"R10,R06,H07"
broad_shape,40,37,72,2,R00,0.528,"R00,R06,H15"
broad_shape,40,38,13,1,R09,0.308,"R09,R06,R00"
broad_shape,40,39,39,1,R06,0.718,"R06,R00,H07"
stolfi_inspired_signature,40,0,20,1,R10,0.6,"R10,R06,H07"
stolfi_inspired_signature,40,1,88,1,R02,0.648,"R02,R00,R06"
stolfi_inspired_signature,40,2,106,2,R03,0.528,"R03,R00,R01"
stolfi_inspired_signature,40,3,151,2,H08,0.675,"H08,R06,R00"
stolfi_inspired_signature,40,4,391,3,R10,0.529,"R10,R06,H08"
stolfi_inspired_signature,40,5,137,4,R00,0.496,"R00,R04,R06"
stolfi_inspired_signature,40,6,133,7,R00,0.496,"R00,R06,H11"
stolfi_inspired_signature,40,7,115,4,R00,0.635,"R00,R06,H07"
stolfi_inspired_signature,40,8,111,6,R00,0.523,"R00,R06"
stolfi_inspired_signature,40,9,212,12,R00,0.571,"R00,R06,R10"
stolfi_inspired_signature,40,10,52,3,R06,0.558,"R06,R00"
stolfi_inspired_signature,40,11,18,1,R01,0.722,"R01,H13"
stolfi_inspired_signature,40,12,110,4,R00,0.536,"R00,R06,H07"
stolfi_inspired_signature,40,13,34,2,R00,0.588,"R00,R06,H21"
stolfi_inspired_signature,40,14,52,2,R00,0.712,"R00,R06"
stolfi_inspired_signature,40,15,141,8,R06,0.518,"R06,R00,R07"
stolfi_inspired_signature,40,16,268,5,H01,0.41,"H01,R00,R01"
stolfi_inspired_signature,40,17,227,3,R06,0.366,"R06,H08,R10"
stolfi_inspired_signature,40,18,34,2,R00,0.412,"R00,R04,H07"
stolfi_inspired_signature,40,19,36,3,R00,0.528,"R00,R06,R09"
stolfi_inspired_signature,40,20,124,2,H01,0.476,"H01,R00,R01"
stolfi_inspired_signature,40,21,40,3,R06,0.85,"R06,R00"
stolfi_inspired_signature,40,22,73,3,R00,0.562,"R00,H08,H13"
stolfi_inspired_signature,40,23,70,2,R00,0.929,"R00,H07"
stolfi_inspired_signature,40,24,325,3,R06,0.298,"R06,R02,H12"
stolfi_inspired_signature,40,25,34,2,R00,0.824,"R00,H21,H07"
stolfi_inspired_signature,40,26,40,2,R06,0.75,"R06,R00"
stolfi_inspired_signature,40,27,17,1,H08,0.588,"H08,R00"
stolfi_inspired_signature,40,28,63,3,R06,0.524,"R06,R00"
stolfi_inspired_signature,40,29,98,4,R00,0.633,"R00,R06,R09"
stolfi_inspired_signature,40,30,15,1,R01,0.667,"R01,H13"
stolfi_inspired_signature,40,31,65,4,R06,0.738,"R06,R00"
stolfi_inspired_signature,40,32,17,1,R00,0.706,"R00,R06"
stolfi_inspired_signature,40,33,25,2,R00,0.96,"R00,R04"
stolfi_inspired_signature,40,34,64,2,R06,0.594,"R06,R00,H08"
stolfi_inspired_signature,40,35,23,2,R00,0.478,"R00,R09,R06"
stolfi_inspired_signature,40,36,797,4,R06,0.453,"R06,R07,R00"
stolfi_inspired_signature,40,37,25,2,R06,0.8,"R06,R00"
stolfi_inspired_signature,40,38,21,1,H08,0.429,"H08,R06,R00"
stolfi_inspired_signature,40,39,167,2,R06,0.946,"R06,H07,R00"
surface_token,50,0,12,1,H13,1.0,H13
surface_token,50,1,11,1,R06,1.0,R06
surface_token,50,2,125,7,R02,0.456,"R02,R06,R00"
surface_token,50,3,71,3,R06,1.0,R06
surface_token,50,4,67,4,R00,0.746,"R00,R06"
surface_token,50,5,92,4,R01,0.489,"R01,H01,H17"
surface_token,50,6,156,4,R06,1.0,R06
surface_token,50,7,40,2,R00,0.625,"R00,H13"
surface_token,50,8,131,4,R06,1.0,R06
surface_token,50,9,11,1,R04,1.0,R04
surface_token,50,10,241,4,H12,0.369,"H12,H01,R00"
surface_token,50,11,15,1,R04,1.0,R04
surface_token,50,12,23,2,R00,1.0,R00
surface_token,50,13,12,1,R00,1.0,R00
surface_token,50,14,66,3,R09,0.561,"R09,R06"
surface_token,50,15,99,4,H01,0.596,"H01,R00,R01"
surface_token,50,16,35,3,R01,0.371,"R01,R00,H13"
surface_token,50,17,113,5,R06,1.0,R06
surface_token,50,18,230,3,R10,0.583,"R10,R06"
surface_token,50,19,16,1,H09,1.0,H09
surface_token,50,21,105,2,R02,0.895,"R02,R06"
surface_token,50,22,23,2,R01,1.0,R01
surface_token,50,23,38,2,R00,1.0,R00
surface_token,50,24,27,2,R06,0.556,"R06,R00"
surface_token,50,25,71,3,R00,0.577,"R00,R04,R06"
surface_token,50,26,11,1,R00,1.0,R00
surface_token,50,27,10,1,H08,1.0,H08
surface_token,50,28,17,1,R00,1.0,R00
surface_token,50,29,21,1,R06,1.0,R06
surface_token,50,30,12,1,H13,1.0,H13
surface_token,50,31,11,1,R06,1.0,R06
surface_token,50,33,98,4,R07,0.602,"R07,R03,R00"
surface_token,50,34,49,2,R06,0.755,"R06,R00"
surface_token,50,35,118,2,R06,1.0,R06
surface_token,50,36,115,3,H08,0.383,"H08,R10,R03"
surface_token,50,37,30,2,R07,0.6,"R07,R04"
surface_token,50,39,23,1,R10,1.0,R10
surface_token,50,40,11,1,H13,1.0,H13
surface_token,50,41,93,2,H08,0.613,"H08,R10"
surface_token,50,42,60,2,R11,1.0,R11
surface_token,50,43,126,7,R06,0.627,"R06,R00"
surface_token,50,44,10,1,R06,1.0,R06
surface_token,50,45,18,1,R00,1.0,R00
surface_token,50,46,102,2,H08,1.0,H08
surface_token,50,47,10,1,R06,1.0,R06
surface_token,50,48,13,1,R00,1.0,R00
surface_token,50,49,347,10,R06,0.398,"R06,R07,H08"
conservative_morphology,43,0,506,2,R07,0.306,"R07,R06,H08"
conservative_morphology,43,1,41,2,R06,0.488,"R06,R00,R07"
conservative_morphology,43,2,195,1,R06,0.477,"R06,H08,R01"
conservative_morphology,43,3,12,1,R00,0.583,"R00,R06,R03"
conservative_morphology,43,4,20,1,R00,0.65,"R00,H07"
conservative_morphology,43,6,10,1,R00,0.8,"R00,R06"
conservative_morphology,43,7,57,3,R00,0.719,"R00,R06"
conservative_morphology,43,8,27,2,R00,0.593,"R00,R10,R06"
conservative_morphology,43,9,11,1,R06,0.273,"R06,R09,R00"
conservative_morphology,43,10,61,2,R00,0.508,"R00,R06,H15"
conservative_morphology,43,11,15,1,R06,0.667,"R06,R00"
conservative_morphology,43,12,172,2,R06,0.593,"R06,H08,R00"
conservative_morphology,43,13,26,1,R00,0.692,"R00,R06,H08"
conservative_morphology,43,14,137,4,R00,0.401,"R00,H01,R06"
conservative_morphology,43,15,77,3,R00,0.494,"R00,R06,H08"
conservative_morphology,43,16,14,1,R06,0.571,"R06,R00"
conservative_morphology,43,18,136,4,R02,0.419,"R02,R00,R06"
conservative_morphology,43,19,55,3,R00,0.909,"R00,H07"
conservative_morphology,43,20,27,2,R04,0.926,"R04,H07,R00"
conservative_morphology,43,21,570,2,R06,0.228,"R06,H01,R02"
conservative_morphology,43,22,89,3,R06,0.584,"R06,R00,H08"
conservative_morphology,43,23,69,5,R00,0.594,"R00,R06,H21"
conservative_morphology,43,24,39,2,R06,0.769,"R06,R00"
conservative_morphology,43,25,156,4,R00,0.436,"R00,R04,R06"
conservative_morphology,43,26,130,5,R00,0.5,"R00,R06,H08"
conservative_morphology,43,27,391,2,R10,0.529,"R10,R06,H08"
conservative_morphology,43,28,131,5,R00,0.58,"R00,R06,R09"
conservative_morphology,43,29,172,1,R06,0.471,"R06,R11,R00"
conservative_morphology,43,30,16,1,R06,0.75,"R06,R00"
conservative_morphology,43,31,63,1,R00,0.54,"R00,H13,H08"
conservative_morphology,43,32,54,4,R00,0.704,"R00,R06,H08"
conservative_morphology,43,33,34,2,R06,0.647,"R06,R00"
conservative_morphology,43,34,32,2,R00,0.625,"R00,R06"
conservative_morphology,43,35,12,1,R06,0.5,"R06,H13,R00"
conservative_morphology,43,36,133,3,R00,0.639,"R00,R06,H09"
conservative_morphology,43,37,11,1,R00,0.818,"R00,H08,R06"
conservative_morphology,43,38,39,1,R06,0.462,"R06,R00,H08"
conservative_morphology,43,39,20,1,R00,0.7,"R00,R06,H08"
conservative_morphology,43,40,224,1,R06,0.562,"R06,R03,R01"
conservative_morphology,43,41,11,1,H08,0.545,"H08,R01,R06"
conservative_morphology,43,42,226,1,R06,0.367,"R06,H08,R10"
broad_shape,50,0,16,1,R06,0.688,"R06,R00"
broad_shape,50,1,165,4,R00,0.539,"R00,R06,H08"
broad_shape,50,2,10,1,R00,0.7,"R00,R10,H13"
broad_shape,50,3,11,1,R00,0.364,"R00,R06,R09"
broad_shape,50,5,30,1,R06,0.6,"R06,R00"
broad_shape,50,6,11,1,R00,0.636,"R00,H12,H17"
broad_shape,50,7,115,5,R00,0.365,"R00,R04,R07"
broad_shape,50,8,168,8,R06,0.53,"R06,R00,H13"
broad_shape,50,9,220,5,R00,0.6,"R00,R06,R04"
broad_shape,50,10,77,3,R06,0.714,"R06,R00,H07"
broad_shape,50,11,61,1,R00,0.508,"R00,R06,H15"
broad_shape,50,12,10,1,R00,0.6,"R00,R06"
broad_shape,50,13,56,3,R06,0.554,"R06,R00"
broad_shape,50,14,49,3,R06,0.673,"R06,R00,R07"
broad_shape,50,15,902,2,R06,0.4,"R06,R07,R00"
broad_shape,50,16,182,3,R00,0.549,"R00,R06,H09"
broad_shape,50,17,131,8,R00,0.611,"R00,R06,H08"
broad_shape,50,18,48,3,R00,0.333,"R00,R06,H08"
broad_shape,50,19,195,6,R00,0.6,"R00,R06,R09"
broad_shape,50,20,108,4,R00,0.546,"R00,R06,H08"
broad_shape,50,21,70,2,R00,0.929,"R00,H07"
broad_shape,50,22,30,2,R00,1.0,R00
broad_shape,50,24,25,1,R00,0.64,"R00,R06,H08"
broad_shape,50,25,15,1,R06,0.667,"R06,R00"
broad_shape,50,26,11,1,R00,0.818,"R00,H08,R06"
broad_shape,50,27,11,1,R06,0.727,"R06,R00"
broad_shape,50,28,50,2,R06,0.48,"R06,R00,R07"
broad_shape,50,29,618,2,R10,0.393,"R10,R06,H08"
broad_shape,50,30,25,2,R00,0.96,"R00,H07"
broad_shape,50,31,17,1,R00,0.706,"R00,R06"
broad_shape,50,32,233,9,R00,0.369,"R00,R02,R06"
broad_shape,50,33,582,3,R06,0.223,"R06,H01,R02"
broad_shape,50,34,116,3,R00,0.5,"R00,R06"
broad_shape,50,35,23,1,R06,0.652,"R06,R00"
broad_shape,50,36,43,1,R00,0.837,"R00,R06"
broad_shape,50,37,367,3,R06,0.531,"R06,H08,R00"
broad_shape,50,38,10,1,R00,0.8,"R00,R06,R01"
broad_shape,50,39,30,1,R06,0.933,"R06,R00"
broad_shape,50,40,17,1,R00,0.824,"R00,R09"
broad_shape,50,41,44,3,R00,0.477,"R00,R06,R07"
broad_shape,50,42,26,1,R00,0.923,"R00,R06"
broad_shape,50,43,20,1,R00,0.7,"R00,H21"
broad_shape,50,44,56,2,R00,0.661,"R00,R06,H08"
broad_shape,50,45,11,1,R00,0.727,"R00,R06"
broad_shape,50,46,127,1,H01,0.465,"H01,R00,R01"
broad_shape,50,47,90,2,R06,0.578,"R06,R00,H08"
broad_shape,50,48,42,1,R00,0.476,"R00,R06,H21"
broad_shape,50,49,39,1,R06,0.718,"R06,R00,H07"
stolfi_inspired_signature,50,0,25,1,R06,0.72,"R06,R00"
stolfi_inspired_signature,50,1,309,13,R06,0.405,"R06,R00,R02"
stolfi_inspired_signature,50,2,14,1,R06,0.571,"R06,R00"
stolfi_inspired_signature,50,3,55,2,R06,0.636,"R06,R00"
stolfi_inspired_signature,50,4,227,3,R06,0.366,"R06,H08,R10"
stolfi_inspired_signature,50,5,50,3,R00,0.5,"R00,H09,R06"
stolfi_inspired_signature,50,6,42,3,R00,0.762,"R00,R06,R07"
stolfi_inspired_signature,50,7,75,3,R00,0.587,"R00,R06,R09"
stolfi_inspired_signature,50,8,172,3,H08,0.645,"H08,R06,R00"
stolfi_inspired_signature,50,9,262,6,R00,0.454,"R00,R06,H01"
stolfi_inspired_signature,50,10,113,5,R00,0.54,"R00,R06,R09"
stolfi_inspired_signature,50,11,53,3,R00,0.698,"R00,H11,R06"
stolfi_inspired_signature,50,12,27,1,R00,0.667,"R00,R06,H07"
stolfi_inspired_signature,50,13,43,3,R10,0.279,"R10,R00,R06"
stolfi_inspired_signature,50,14,391,3,R10,0.529,"R10,R06,H08"
stolfi_inspired_signature,50,15,88,3,R00,0.625,"R00,R06"
stolfi_inspired_signature,50,16,105,3,R01,0.429,"R01,H01,H17"
stolfi_inspired_signature,50,17,17,1,R00,0.882,"R00,R06,H07"
stolfi_inspired_signature,50,18,37,1,R06,0.459,"R06,R00,H07"
stolfi_inspired_signature,50,19,25,1,R00,0.8,"R00,H07"
stolfi_inspired_signature,50,20,78,4,R06,0.603,"R06,R00"
stolfi_inspired_signature,50,21,30,2,R00,0.567,"R00,H08,R06"
stolfi_inspired_signature,50,22,17,1,R00,0.588,"R00,H11,R03"
stolfi_inspired_signature,50,23,903,6,R06,0.4,"R06,R07,R00"
stolfi_inspired_signature,50,24,12,1,R09,0.417,"R09,R06,R07"
stolfi_inspired_signature,50,25,71,4,R04,0.451,"R04,R00,R06"
stolfi_inspired_signature,50,26,47,2,R00,0.702,"R00,R06"
stolfi_inspired_signature,50,27,40,3,R06,0.75,"R06,R00"
stolfi_inspired_signature,50,28,24,1,R06,0.917,"R06,R00"
stolfi_inspired_signature,50,29,23,2,R04,0.565,"R04,R06,R00"
stolfi_inspired_signature,50,30,19,1,R06,0.579,"R06,R00"
stolfi_inspired_signature,50,31,13,1,R06,0.846,"R06,R00"
stolfi_inspired_signature,50,32,23,1,R00,0.87,"R00,R06"
stolfi_inspired_signature,50,33,34,2,R00,0.412,"R00,R04,H07"
stolfi_inspired_signature,50,34,73,3,R00,0.562,"R00,H08,H13"
stolfi_inspired_signature,50,35,75,3,R06,0.587,"R06,R00,H08"
stolfi_inspired_signature,50,36,36,3,R06,0.611,"R06,R00"
stolfi_inspired_signature,50,37,14,1,R00,1.0,R00
stolfi_inspired_signature,50,38,241,2,H12,0.369,"H12,H01,R00"
stolfi_inspired_signature,50,39,29,1,R06,0.552,"R06,R00,H07"
stolfi_inspired_signature,50,40,52,2,R00,0.712,"R00,R06"
stolfi_inspired_signature,50,41,45,1,R00,1.0,R00
stolfi_inspired_signature,50,42,10,1,R00,0.7,"R00,R06"
stolfi_inspired_signature,50,43,40,2,R06,0.75,"R06,R00"
stolfi_inspired_signature,50,44,20,1,R00,0.65,"R00,R06"
stolfi_inspired_signature,50,45,14,1,R00,1.0,R00
stolfi_inspired_signature,50,46,33,2,R01,0.697,"R01,H13"
stolfi_inspired_signature,50,47,192,1,R06,0.5,"R06,R02,R00"
stolfi_inspired_signature,50,48,167,2,R06,0.946,"R06,H07,R00"
stolfi_inspired_signature,50,49,34,2,R00,0.824,"R00,H21,H07"
