lens,section_I,role_unit_key,dominant_role,occurrences,distinct_lines,distinct_token_types,strata_total,marker_families,dominant_role_share,within_section_stratified_purity,within_section_meta_risk,section_local_supported,section_local_probable,top_tokens,globally_standard_supported,globally_loose_supported
broad_shape,H,X|NONE,R06,27,27,2,4,3,0.926,0.926,0.926,True,True,"s, g",True,True
broad_shape,H,X|y,R06,18,18,2,3,2,1.0,1.0,0.833,True,True,"shy, sy",True,True
stolfi_inspired_signature,H,NG|S_X|T_NONE,R06,27,27,2,4,3,0.926,0.926,0.926,True,True,"s, g",True,True
stolfi_inspired_signature,H,NG|S_OEL|T_in,R06,18,18,4,4,3,0.944,0.944,0.889,True,True,"dain, shain, ain, chain",True,True
stolfi_inspired_signature,H,NG|S_XY|T_y,R06,18,18,2,3,2,1.0,1.0,0.833,True,True,"shy, sy",True,True
surface_token,H,daiin,R10,78,67,1,4,3,1.0,1.0,0.936,True,True,daiin,False,True
surface_token,H,s,R06,25,25,1,4,3,1.0,1.0,0.92,True,True,s,True,True
surface_token,H,or,R06,21,19,1,5,2,1.0,1.0,0.905,True,True,or,True,True
broad_shape,H,E|y,R06,21,20,5,3,2,0.81,0.81,0.81,False,True,"shey, chey, qokey, okey, otey",False,False
conservative_morphology,H,e|y|E,R06,21,20,5,3,2,0.81,0.81,0.81,False,True,"shey, chey, qokey, okey, otey",False,False
conservative_morphology,H,o|dy|O,R00,21,21,5,4,2,0.81,0.81,0.952,False,True,"chody, shody, qokody, qotody, otody",True,True
stolfi_inspired_signature,S,NG|S_EY|T_y,R06,46,41,2,4,2,1.0,1.0,0.957,False,True,"chey, shey",True,True
stolfi_inspired_signature,H,NG|S_BY|T_y,R00,21,20,6,3,2,0.81,0.81,0.952,False,True,"chy, dchy, dshy, orshy, ochy, olchy",True,True
stolfi_inspired_signature,H,NG|S_EY|T_y,R06,17,16,2,3,2,1.0,1.0,0.765,False,True,"shey, chey",True,True
stolfi_inspired_signature,T,NG|S_OL|T_r,R06,16,15,7,5,3,0.812,0.875,0.875,False,True,"or, dar, chor, ar, sor, oror",False,False
surface_token,H,chor,R11,36,35,1,4,3,1.0,1.0,0.972,False,True,chor,True,True
surface_token,H,aiin,R06,15,14,1,3,2,1.0,1.0,0.933,False,True,aiin,False,True
surface_token,H,dain,R06,15,15,1,4,3,1.0,1.0,0.933,False,True,dain,True,True
surface_token,H,y,R06,15,15,1,3,2,1.0,1.0,0.733,False,True,y,True,True
broad_shape,B,E|dy,R06,193,110,7,3,3,0.285,0.301,1.0,False,False,"shedy, qokedy, chedy, okedy, otedy, qotedy",False,False
broad_shape,B,O|l,R06,160,98,21,6,6,0.419,0.444,1.0,False,False,"ol, qokal, qol, dal, dol, sol",False,False
broad_shape,H,O|iin,R10,148,116,15,5,3,0.662,0.682,0.953,False,False,"daiin, aiin, okaiin, saiin, otaiin, chaiin",False,False
broad_shape,H,O|r,R06,146,98,19,7,4,0.514,0.534,0.932,False,False,"chor, or, dar, ar, shor, dor",False,False
broad_shape,H,O|l,R07,137,101,18,5,2,0.511,0.54,0.985,False,False,"chol, shol, ol, dal, okol, qokol",False,False
broad_shape,S,O|iin,R10,128,91,17,4,2,0.406,0.414,0.992,False,False,"aiin, daiin, qokaiin, okaiin, saiin, otaiin",False,False
broad_shape,S,O|l,R07,113,83,18,5,3,0.319,0.389,0.982,False,False,"al, chol, okal, ol, qokal, chal",False,False
broad_shape,B,E|edy,H01,107,76,7,2,2,0.57,0.589,1.0,False,False,"qokeedy, okeedy, qoteedy, sheedy, oteedy, cheedy",False,False
broad_shape,S,E|dy,R02,100,69,6,3,2,0.41,0.42,1.0,False,False,"chedy, shedy, qokedy, otedy, qotedy, okedy",False,False
broad_shape,S,E|ey,R06,94,72,8,4,2,0.457,0.468,0.989,False,False,"qokeey, okeey, cheey, sheey, oteey, qoeey",False,False
broad_shape,S,O|r,R06,93,67,23,5,3,0.527,0.548,0.957,False,False,"ar, qokar, or, otar, chor, dar",False,False
broad_shape,S,O|in,R06,87,62,12,2,1,0.276,0.299,1.0,False,False,"qokain, okain, otain, dain, qotain, ain",False,False
broad_shape,B,O|in,H08,83,65,10,2,2,0.434,0.446,1.0,False,False,"qokain, dain, okain, sain, otain, qotain",False,False
broad_shape,S,E|edy,H01,73,54,9,2,1,0.548,0.548,1.0,False,False,"qokeedy, okeedy, qoteedy, sheedy, oteedy, qoeedy",False,False
broad_shape,B,O|r,R06,63,53,17,4,4,0.524,0.556,1.0,False,False,"dar, qokar, or, otar, sar, sor",False,False
broad_shape,S,E|y,R06,60,54,6,4,2,0.767,0.767,0.967,False,False,"chey, shey, qokey, otey, okey, qotey",False,False
broad_shape,B,O|iin,R10,58,48,9,3,3,0.5,0.5,1.0,False,False,"daiin, saiin, okaiin, qokaiin, aiin, olaiin",False,False
broad_shape,B,E|ey,H08,45,36,7,3,3,0.556,0.578,1.0,False,False,"qokeey, sheey, cheey, okeey, oteey, qoteey",False,False
broad_shape,B,E|y,R06,45,39,7,1,1,0.511,0.511,1.0,False,False,"shey, chey, qokey, otey, okey, qotey",False,False
broad_shape,H,G|y,R00,44,37,9,4,2,0.386,0.432,0.955,False,False,"oky, qoky, qoty, oty, chky, yty",False,False
broad_shape,H,XGX|y,R00,43,39,10,3,2,0.535,0.628,0.93,False,False,"cthy, chckhy, ckhy, cphy, chcthy, cfhy",False,False
broad_shape,H,B|y,R00,41,37,13,4,2,0.561,0.585,0.951,False,False,"chy, qokchy, qotchy, okchy, dchy, dshy",False,False
broad_shape,B,G|y,H01,37,34,6,3,3,0.811,0.838,1.0,False,False,"qoky, qoty, olky, oty, oky, opy",False,False
broad_shape,H,D|y,R02,37,35,9,6,2,0.595,0.622,0.892,False,False,"dy, chdy, ody, oldy, shdy, qody",False,False
broad_shape,T,E|dy,R06,35,22,5,3,2,0.457,0.486,1.0,False,False,"shedy, chedy, qokedy, okedy, otedy",False,False
broad_shape,B,B|edy,R00,34,32,14,2,2,0.559,0.588,1.0,False,False,"olchedy, dshedy, dchedy, olshedy, yshedy, ychedy",False,False
broad_shape,P,O|l,R07,34,23,11,2,2,0.529,0.529,1.0,False,False,"chol, okol, qokol, dol, ol, dal",False,False
broad_shape,H,O|m,R06,31,28,16,3,2,0.677,0.677,0.968,False,False,"dam, qokam, otam, am, sham, chom",False,False
broad_shape,B,XGX|y,R00,29,25,7,1,1,0.517,0.517,1.0,False,False,"chckhy, chcthy, shckhy, qckhsy, shcthy, qcthy",False,False
broad_shape,H,GB|y,R06,29,21,14,4,3,0.793,0.828,0.931,False,False,"kchy, tchy, ykchy, ytchy, opchy, ykshy",False,False
broad_shape,T,O|r,R06,29,21,11,5,3,0.448,0.483,0.897,False,False,"qokar, okar, or, dar, chor, ar",False,False
broad_shape,H,E|dy,H12,28,21,6,3,1,0.286,0.357,1.0,False,False,"qokedy, chedy, shedy, qotedy, otedy, okedy",False,False
broad_shape,S,XGX|y,R00,27,26,8,2,1,0.556,0.556,1.0,False,False,"chckhy, chcthy, shckhy, qocthy, dckhy, shcthy",False,False
broad_shape,B,D|y,R02,26,24,6,2,2,0.808,0.846,1.0,False,False,"dy, chdy, oldy, ydy, shdy, okdy",False,False
broad_shape,C,O|r,R06,26,22,12,6,5,0.615,0.346,0.654,False,False,"okar, dar, ar, sar, or, shor",False,False
broad_shape,C,O|l,R06,24,17,12,7,6,0.417,0.167,0.75,False,False,"dal, ol, al, qokal, chol, okol",False,False
broad_shape,H,O|in,R06,24,24,6,4,3,0.708,0.75,0.917,False,False,"dain, okain, otain, shain, ain, chain",False,False
broad_shape,H,XGX|ol,R07,23,22,5,2,1,0.652,0.696,1.0,False,False,"cthol, cphol, ckhol, chckhol, chcfhol",False,False
broad_shape,T,O|in,R06,23,18,8,4,2,0.522,0.522,0.87,False,False,"dain, okain, sain, olain, qokain, otain",False,False
broad_shape,T,O|l,R06,23,17,12,2,1,0.261,0.304,1.0,False,False,"qokal, ol, al, okal, qotal, chol",False,False
broad_shape,H,O|dy,R00,22,22,6,4,2,0.773,0.773,0.955,False,False,"chody, shody, qokody, dady, qotody, otody",True,True
broad_shape,S,E|ol,R00,22,20,5,3,1,0.727,0.727,1.0,False,False,"cheol, qokeol, okeol, qoteol, qeol",False,False
broad_shape,B,G|edy,R00,21,19,5,3,3,0.619,0.619,1.0,False,False,"tedy, olkedy, ykedy, ytedy, kedy",False,False
broad_shape,B,LB|edy,R00,21,21,5,1,1,1.0,1.0,1.0,False,False,"lchedy, lshedy, qolchedy, qorchedy, rshedy",False,False
broad_shape,S,G|y,H01,21,21,8,3,1,0.381,0.429,1.0,False,False,"qoky, oky, oty, qoty, shky, chky",False,False
broad_shape,B,B|dy,R00,20,18,9,5,5,0.55,0.6,1.0,False,False,"qokchdy, okchdy, otchdy, dchdy, olshdy, qokshdy",False,False
broad_shape,B,B|ey,R00,20,19,12,1,1,0.6,0.6,1.0,False,False,"olchey, qokchey, otchey, olshey, dshey, orchey",False,False
broad_shape,H,B|or,R06,20,20,10,2,2,0.5,0.55,1.0,False,False,"dchor, ychor, otchor, okchor, qokchor, ochor",False,False
broad_shape,H,E|ol,R06,20,16,8,3,2,0.5,0.55,0.95,False,False,"sheol, qokeol, cheol, okeeol, okeol, qoteeol",False,False
broad_shape,H,G|aiin,R06,20,19,7,2,1,0.75,0.75,1.0,False,False,"ykaiin, kaiin, taiin, chkaiin, olkaiin, shkaiin",False,False
broad_shape,H,BO|NONE,R00,19,18,9,2,2,0.526,0.579,1.0,False,False,"cho, dcho, dsho, qokcho, otcho, ycho",False,False
broad_shape,S,E|ar,R00,19,17,9,3,2,0.579,0.579,1.0,False,False,"chear, qokear, shear, qokeear, ear, cheear",False,False
broad_shape,S,OE|r,R06,19,17,6,2,1,0.421,0.474,1.0,False,False,"sair, dair, air, qokair, qotair, otair",False,False
broad_shape,T,E|y,R06,19,15,4,4,2,0.632,0.632,0.947,False,False,"chey, qokey, shey, okey",False,False
broad_shape,T,O|iin,R10,18,15,7,4,3,0.444,0.5,1.0,False,False,"daiin, qokaiin, saiin, aiin, okaiin, qoaiin",False,False
broad_shape,A,O|r,R06,17,17,10,6,6,0.647,0.0,1.0,False,False,"ar, dar, okar, or, sar, sor",False,False
broad_shape,H,E|ey,R06,17,17,6,4,3,0.647,0.647,0.882,False,False,"qokeey, okeey, sheey, cheey, deey, oteey",False,False
broad_shape,H,GB|or,R06,17,16,10,4,3,0.765,0.765,0.941,False,False,"tchor, kchor, ytchor, chtchor, opchor, tshor",False,True
broad_shape,H,XGX|or,R04,17,17,4,2,2,0.765,0.765,1.0,False,False,"cthor, ckhor, chcthor, chckhor",False,False
broad_shape,P,O|r,R06,17,16,10,2,2,0.412,0.588,1.0,False,False,"or, chor, qoor, otor, dar, orar",False,False
broad_shape,B,GB|edy,R06,16,16,10,2,2,0.5,0.562,1.0,False,False,"pchedy, tchedy, qopshedy, kshedy, ykchedy, ofchedy",False,False
broad_shape,B,L|y,R06,16,16,5,3,3,0.562,0.625,1.0,False,False,"oly, ly, ory, dly, qoly",False,False
broad_shape,H,B|ey,R00,16,15,13,3,2,0.5,0.5,0.938,False,False,"okchey, dchey, sshey, schey, qotshey, ochey",False,False
broad_shape,P,EO|dy,R00,16,11,6,2,2,0.5,0.5,1.0,False,False,"qokeody, cheody, okeody, sheody, okeady, oteody",False,False
broad_shape,S,B|ey,R00,16,16,12,1,1,0.375,0.375,1.0,False,False,"qokchey, olchey, qochey, sshey, qokshey, oshey",False,False
broad_shape,S,GB|edy,R00,16,14,10,3,2,0.625,0.688,1.0,False,False,"opchedy, kchedy, fchedy, olkchedy, tshedy, pchedy",False,False
broad_shape,S,LB|edy,R00,16,16,2,2,1,1.0,1.0,1.0,False,False,"lchedy, lshedy",False,False
broad_shape,S,O|m,R06,16,16,8,3,2,0.75,0.75,1.0,False,False,"otam, am, dam, qokam, om, oam",False,False
broad_shape,H,B|ol,R06,15,15,9,2,2,0.4,0.4,1.0,False,False,"otchol, ychol, qotchol, dchol, okchol, qokshol",False,False
broad_shape,H,OL|y,R00,15,13,9,3,2,0.533,0.533,0.867,False,False,"dary, choly, chory, okary, chorly, okaly",False,False
broad_shape,Z,OL|y,R00,15,15,6,2,2,1.0,0.0,1.0,False,False,"otaly, okaly, ary, okary, okoly, orary",False,False
broad_shape,B,EG|y,R06,14,14,6,1,1,0.857,0.857,1.0,False,False,"cheky, sheeky, sheky, sheety, cheeky, cheeety",False,True
broad_shape,B,E|ol,R06,14,14,8,1,1,0.5,0.5,1.0,False,False,"sheol, sheeol, oteol, cheol, cheeol, okeol",False,False
broad_shape,H,EX|NONE,R00,14,14,10,3,1,0.929,1.0,1.0,False,False,"oeees, eees, ches, oreees, chees, okees",False,True
broad_shape,H,E|or,R00,14,14,7,2,1,0.714,0.714,1.0,False,False,"cheor, okeor, sheor, cheeor, eeor, sheeor",False,False
broad_shape,H,GB|ol,R06,14,14,8,3,2,0.714,0.786,0.929,False,False,"tshol, ykchol, tchol, kchol, fchol, ofchol",False,False
broad_shape,H,OD|aiin,R00,14,14,6,2,2,0.5,0.5,1.0,False,False,"chodaiin, sodaiin, shodaiin, dodaiin, qotodaiin, yodaiin",False,False
broad_shape,H,OG|y,R00,14,12,4,3,2,0.929,0.929,0.929,False,False,"choky, choty, shoky, chopy",True,True
broad_shape,B,G|eedy,R00,13,13,5,2,2,0.923,0.923,1.0,False,False,"olkeedy, ykeedy, keedy, olteedy, chkeedy",False,False
broad_shape,B,LB|ey,R00,13,12,4,1,1,0.846,0.846,1.0,False,False,"lchey, rchey, lshey, qolchey",False,False
broad_shape,H,G|ar,R06,13,12,5,3,1,1.0,1.0,1.0,False,False,"ykar, kar, tar, far, ytar",False,False
broad_shape,H,XGX|ey,R04,13,13,5,1,1,0.462,0.462,1.0,False,False,"cthey, qockhey, ckhey, chckhey, cphey",False,False
broad_shape,P,O|iin,R10,13,11,7,1,1,0.615,0.615,1.0,False,False,"daiin, saiin, okaiin, olaiin, aiin, qoaiin",False,False
broad_shape,S,E|al,R00,13,13,5,2,1,0.615,0.615,1.0,False,False,"cheal, sheal, okeal, qokeeal, cheeal",False,False
broad_shape,S,G|eedy,R00,13,12,5,2,2,0.538,0.538,1.0,False,False,"keedy, yteedy, olkeedy, teedy, ykeedy",False,False
broad_shape,T,XGX|y,R06,13,10,4,2,1,0.538,0.538,1.0,False,False,"chckhy, shckhy, shcthy, chcthy",False,False
broad_shape,C,O|iin,R10,12,10,5,4,2,0.417,0.417,0.917,False,False,"qokaiin, aiin, otaiin, daiin, qotaiin",False,False
broad_shape,H,D|aiin,R10,12,11,4,3,2,0.583,0.667,0.917,False,False,"odaiin, ydaiin, qodaiin, oldaiin",False,False
broad_shape,S,B|edy,R00,12,10,8,3,2,0.5,0.583,1.0,False,False,"qotchedy, otchedy, olchedy, olshedy, okchedy, qokchedy",False,False
broad_shape,S,B|eey,R06,12,12,9,2,1,0.5,0.583,1.0,False,False,"dsheey, ycheey, dcheey, olcheey, okcheey, otcheey",False,False
broad_shape,S,ED|NONE,R06,12,11,6,3,2,0.333,0.417,1.0,False,False,"shed, qokeed, qoted, oteed, ched, sheed",False,False
broad_shape,S,EO|NONE,R00,12,12,6,3,1,0.667,0.75,1.0,False,False,"cheo, cheeo, sheo, sheeo, qokeo, okeeo",False,False
conservative_morphology,B,e|dy|E,R06,193,110,7,3,3,0.285,0.301,1.0,False,False,"shedy, qokedy, chedy, okedy, otedy, qotedy",False,False
conservative_morphology,H,a|iin|O,R10,141,112,11,5,3,0.695,0.716,0.957,False,False,"daiin, aiin, okaiin, saiin, otaiin, chaiin",False,False
conservative_morphology,S,a|iin|O,R10,126,89,15,4,2,0.413,0.421,0.992,False,False,"aiin, daiin, qokaiin, okaiin, saiin, otaiin",False,False
conservative_morphology,H,o|l|O,R07,110,83,11,5,2,0.582,0.618,0.982,False,False,"chol, shol, ol, qokol, okol, dol",False,False
conservative_morphology,B,e|edy|E,H01,107,76,7,2,2,0.57,0.589,1.0,False,False,"qokeedy, okeedy, qoteedy, sheedy, oteedy, cheedy",False,False
conservative_morphology,B,o|l|O,R06,100,69,12,4,4,0.58,0.61,1.0,False,False,"ol, qol, dol, sol, chol, qokol",False,False
conservative_morphology,S,e|dy|E,R02,100,69,6,3,2,0.41,0.42,1.0,False,False,"chedy, shedy, qokedy, otedy, qotedy, okedy",False,False
conservative_morphology,S,e|ey|E,R06,94,72,8,4,2,0.457,0.468,0.989,False,False,"qokeey, okeey, cheey, sheey, oteey, qoeey",False,False
conservative_morphology,H,o|r|O,R06,92,74,11,7,4,0.424,0.5,0.891,False,False,"chor, or, shor, dor, otor, okor",False,False
conservative_morphology,S,a|in|O,R06,87,62,12,2,1,0.276,0.299,1.0,False,False,"qokain, okain, otain, dain, qotain, ain",False,False
conservative_morphology,B,a|in|O,H08,82,65,9,2,2,0.427,0.439,1.0,False,False,"qokain, dain, okain, sain, otain, qotain",False,False
conservative_morphology,S,e|edy|E,H01,73,54,9,2,1,0.548,0.548,1.0,False,False,"qokeedy, okeedy, qoteedy, sheedy, oteedy, qoeedy",False,False
conservative_morphology,S,a|r|O,R06,69,56,12,5,3,0.58,0.594,0.957,False,False,"ar, qokar, otar, dar, okar, char",False,False
conservative_morphology,S,a|l|O,R06,68,54,10,4,2,0.294,0.397,0.985,False,False,"okal, al, qokal, chal, dal, otal",False,False
conservative_morphology,B,a|l|O,H08,60,47,9,4,4,0.333,0.383,1.0,False,False,"qokal, dal, qotal, otal, chal, sal",False,False
conservative_morphology,S,e|y|E,R06,60,54,6,4,2,0.767,0.767,0.967,False,False,"chey, shey, qokey, otey, okey, qotey",False,False
conservative_morphology,B,a|iin|O,R10,57,47,8,3,3,0.509,0.509,1.0,False,False,"daiin, saiin, okaiin, qokaiin, aiin, olaiin",False,False
conservative_morphology,H,a|r|O,R06,54,37,8,3,1,0.667,0.685,1.0,False,False,"dar, ar, okar, qokar, char, qotar",False,False
conservative_morphology,B,e|ey|E,H08,45,36,7,3,3,0.556,0.578,1.0,False,False,"qokeey, sheey, cheey, okeey, oteey, qoteey",False,False
conservative_morphology,B,e|y|E,R06,45,39,7,1,1,0.511,0.511,1.0,False,False,"shey, chey, qokey, otey, okey, qotey",False,False
conservative_morphology,S,o|l|O,R07,45,40,8,4,2,0.4,0.422,0.978,False,False,"chol, ol, shol, qol, qokol, otol",False,False
conservative_morphology,B,a|r|O,R06,42,38,9,3,3,0.452,0.476,1.0,False,False,"dar, qokar, sar, otar, okar, qotar",False,False
conservative_morphology,H,d|y|D,R02,37,35,9,6,2,0.595,0.622,0.892,False,False,"dy, chdy, ody, oldy, shdy, qody",False,False
conservative_morphology,H,ch|y|B,R00,35,33,8,4,2,0.571,0.6,0.943,False,False,"chy, qokchy, qotchy, okchy, dchy, ochy",False,False
conservative_morphology,T,e|dy|E,R06,35,22,5,3,2,0.457,0.486,1.0,False,False,"shedy, chedy, qokedy, okedy, otedy",False,False
conservative_morphology,P,o|l|O,R07,31,21,9,2,2,0.548,0.548,1.0,False,False,"chol, okol, qokol, dol, ol, orol",False,False
conservative_morphology,B,k|y|G,H01,28,27,3,3,3,0.857,0.893,1.0,False,False,"qoky, olky, oky",False,False
conservative_morphology,H,e|dy|E,H12,28,21,6,3,1,0.286,0.357,1.0,False,False,"qokedy, chedy, shedy, qotedy, otedy, okedy",False,False
conservative_morphology,H,k|y|G,R00,28,25,4,4,2,0.571,0.607,0.964,False,False,"oky, qoky, chky, yky",False,False
conservative_morphology,H,a|l|O,R09,27,24,7,3,1,0.407,0.481,1.0,False,False,"dal, okal, sal, al, qokal, chal",False,False
conservative_morphology,B,d|y|D,R02,26,24,6,2,2,0.808,0.846,1.0,False,False,"dy, chdy, oldy, ydy, shdy, okdy",False,False
conservative_morphology,H,a|in|O,R06,24,24,6,4,3,0.708,0.75,0.917,False,False,"dain, okain, otain, shain, ain, chain",False,False
conservative_morphology,S,o|r|O,R06,24,22,11,4,2,0.375,0.417,0.958,False,False,"or, chor, otor, qokor, qor, olor",False,False
conservative_morphology,T,a|in|O,R06,23,18,8,4,2,0.522,0.522,0.87,False,False,"dain, okain, sain, olain, qokain, otain",False,False
conservative_morphology,H,a|m|O,R06,22,20,9,3,2,0.773,0.773,0.955,False,False,"dam, qokam, otam, am, sham, sam",False,False
conservative_morphology,S,e|ol|E,R00,22,20,5,3,1,0.727,0.727,1.0,False,False,"cheol, qokeol, okeol, qoteol, qeol",False,False
conservative_morphology,B,o|r|O,R06,21,20,8,2,2,0.667,0.714,1.0,False,False,"or, sor, qor, oror, dor, otor",False,False
conservative_morphology,C,a|r|O,R06,20,19,8,6,5,0.55,0.3,0.7,False,False,"okar, dar, ar, sar, char, oar",False,False
conservative_morphology,H,ckh|y|XGX,R00,20,20,5,2,1,0.9,0.9,1.0,False,False,"chckhy, ckhy, ockhy, qockhy, shckhy",False,False
conservative_morphology,B,ch|edy|B,R00,19,18,8,1,1,0.632,0.632,1.0,False,False,"olchedy, dchedy, ychedy, qokchedy, okchedy, schedy",False,False
conservative_morphology,B,ckh|y|XGX,R00,19,17,3,1,1,0.684,0.684,1.0,False,False,"chckhy, shckhy, ckhy",False,False
conservative_morphology,S,ai|r|OE,R06,19,17,6,2,1,0.421,0.474,1.0,False,False,"sair, dair, air, qokair, qotair, otair",False,False
conservative_morphology,S,ckh|y|XGX,R00,19,18,4,2,1,0.737,0.789,1.0,False,False,"chckhy, shckhy, dckhy, qockhy",False,False
conservative_morphology,T,a|r|O,R03,19,13,6,3,2,0.579,0.579,1.0,False,False,"qokar, okar, dar, ar, otar, qotar",False,False
conservative_morphology,T,e|y|E,R06,19,15,4,4,2,0.632,0.632,0.947,False,False,"chey, qokey, shey, okey",False,False
conservative_morphology,H,cth|y|XGX,R04,18,18,3,2,2,0.944,0.944,1.0,False,False,"cthy, chcthy, dcthy",False,False
conservative_morphology,T,a|iin|O,R10,18,15,7,4,3,0.444,0.5,1.0,False,False,"daiin, qokaiin, saiin, aiin, okaiin, qoaiin",False,False
conservative_morphology,H,e|ey|E,R06,17,17,6,4,3,0.647,0.647,0.882,False,False,"qokeey, okeey, sheey, cheey, deey, oteey",False,False
conservative_morphology,H,e|ol|E,R06,17,15,5,3,2,0.529,0.647,0.941,False,False,"sheol, qokeol, cheol, okeol, deol",False,False
conservative_morphology,B,ch|dy|B,R00,16,14,6,5,5,0.5,0.688,1.0,False,False,"qokchdy, okchdy, otchdy, dchdy, qotchdy, olchdy",False,False
conservative_morphology,H,ch|or|B,R06,16,16,6,2,2,0.5,0.562,1.0,False,False,"dchor, ychor, otchor, okchor, qokchor, ochor",False,False
conservative_morphology,H,t|y|G,H01,16,13,5,4,2,0.375,0.5,0.938,False,False,"qoty, oty, yty, ty, chty",False,False
conservative_morphology,B,sh|edy|B,R00,15,14,6,2,2,0.467,0.533,1.0,False,False,"dshedy, olshedy, yshedy, sshedy, okshedy, qokshedy",False,False
conservative_morphology,H,k|aiin|G,R06,15,14,5,2,1,0.667,0.667,1.0,False,False,"ykaiin, kaiin, chkaiin, olkaiin, shkaiin",False,False
conservative_morphology,P,eo|dy|EO,R00,15,11,5,2,2,0.467,0.533,1.0,False,False,"qokeody, cheody, okeody, sheody, oteody",False,False
conservative_morphology,S,a|m|O,R06,15,15,7,3,2,0.733,0.733,1.0,False,False,"otam, am, dam, qokam, oam, olam",False,False
conservative_morphology,S,k|y|G,R00,15,15,5,2,1,0.467,0.467,1.0,False,False,"qoky, oky, shky, chky, orky",False,False
conservative_morphology,H,cho|NONE|BO,R00,14,13,5,2,2,0.571,0.643,1.0,False,False,"cho, dcho, qokcho, otcho, ycho",False,False
conservative_morphology,H,od|aiin|OD,R00,14,14,6,2,2,0.5,0.5,1.0,False,False,"chodaiin, sodaiin, shodaiin, dodaiin, qotodaiin, yodaiin",False,False
conservative_morphology,S,e|ar|E,R00,14,13,5,3,2,0.571,0.643,1.0,False,False,"chear, qokear, shear, ear, okear",False,False
conservative_morphology,B,l|y|L,R06,13,13,4,2,2,0.692,0.692,1.0,False,False,"oly, ly, dly, qoly",False,False
conservative_morphology,C,a|l|O,R09,13,12,5,6,5,0.385,0.308,0.769,False,False,"dal, al, qokal, oal, olal",False,False
conservative_morphology,H,ch|ol|B,R06,13,13,7,2,2,0.462,0.462,1.0,False,False,"otchol, ychol, qotchol, dchol, okchol, ochol",False,False
conservative_morphology,H,cth|or|XGX,R04,13,13,2,2,2,1.0,1.0,1.0,False,False,"cthor, chcthor",False,False
conservative_morphology,P,a|iin|O,R10,13,11,7,1,1,0.615,0.615,1.0,False,False,"daiin, saiin, okaiin, olaiin, aiin, qoaiin",False,False
conservative_morphology,P,o|r|O,R06,13,12,7,2,2,0.308,0.615,1.0,False,False,"or, chor, qoor, otor, oror, shor",False,False
conservative_morphology,T,a|l|O,H08,13,10,6,2,1,0.308,0.385,1.0,False,False,"qokal, al, okal, qotal, chal, dal",False,False
conservative_morphology,B,ch|ey|B,R00,12,11,6,1,1,0.583,0.583,1.0,False,False,"olchey, qokchey, otchey, orchey, schey, dchey",False,False
conservative_morphology,B,k|eedy|G,R00,12,12,4,2,2,0.917,0.917,1.0,False,False,"olkeedy, ykeedy, keedy, chkeedy",False,False
conservative_morphology,B,lch|edy|LB,R00,12,12,2,1,1,1.0,1.0,1.0,False,False,"lchedy, qolchedy",False,False
conservative_morphology,C,a|iin|O,R10,12,10,5,4,2,0.417,0.417,0.917,False,False,"qokaiin, aiin, otaiin, daiin, qotaiin",False,False
conservative_morphology,H,ch|ey|B,R00,12,12,9,3,2,0.5,0.5,0.917,False,False,"okchey, dchey, schey, ochey, qotchey, qokchey",False,False
conservative_morphology,H,d|aiin|D,R10,12,11,4,3,2,0.583,0.667,0.917,False,False,"odaiin, ydaiin, qodaiin, oldaiin",False,False
conservative_morphology,H,kch|y|GB,R06,12,9,4,1,1,0.833,0.833,1.0,False,False,"kchy, ykchy, chkchy, shkchy",False,False
stolfi_inspired_signature,H,NG|S_OIL|T_iin,R10,121,99,11,4,3,0.653,0.719,0.942,False,False,"daiin, aiin, saiin, chaiin, choiin, doiin",False,False
stolfi_inspired_signature,H,NG|S_OL|T_r,R06,120,89,12,6,3,0.625,0.633,0.925,False,False,"chor, or, dar, ar, shor, dor",False,False
stolfi_inspired_signature,B,NG|S_OL|T_l,R06,111,75,13,4,4,0.604,0.622,1.0,False,False,"ol, qol, dal, dol, sol, chol",False,False
stolfi_inspired_signature,H,NG|S_OL|T_l,R07,111,83,11,4,2,0.514,0.568,0.982,False,False,"chol, shol, ol, dal, dol, sal",False,False
stolfi_inspired_signature,B,NG|S_EDY|T_dy,R06,92,75,3,2,2,0.598,0.598,1.0,False,False,"shedy, chedy, dedy",False,False
stolfi_inspired_signature,B,G_k|S_EDY|T_dy,H12,74,51,2,3,3,0.716,0.73,1.0,False,False,"qokedy, okedy",False,False
stolfi_inspired_signature,S,NG|S_OIL|T_iin,R06,74,61,12,3,1,0.541,0.581,1.0,False,False,"aiin, daiin, saiin, qoaiin, oraiin, chaiin",False,False
stolfi_inspired_signature,S,NG|S_OL|T_l,R06,74,62,12,5,3,0.473,0.514,0.973,False,False,"chol, al, ol, chal, dal, shol",False,False
stolfi_inspired_signature,S,NG|S_OL|T_r,R06,65,51,15,4,2,0.754,0.754,0.969,False,False,"ar, or, chor, dar, char, sar",False,False
stolfi_inspired_signature,B,G_k|S_EDY|T_edy,H01,63,50,2,2,2,0.73,0.762,1.0,False,False,"qokeedy, okeedy",False,False
stolfi_inspired_signature,S,NG|S_EDY|T_dy,R02,60,46,2,2,1,0.683,0.683,1.0,False,False,"chedy, shedy",False,False
stolfi_inspired_signature,S,G_k|S_EY|T_ey,H08,57,44,2,3,1,0.649,0.667,1.0,False,False,"qokeey, okeey",False,False
stolfi_inspired_signature,B,G_k|S_OEL|T_in,H08,47,42,3,2,2,0.766,0.787,1.0,False,False,"qokain, okain, qokoin",False,False
stolfi_inspired_signature,S,G_k|S_EDY|T_edy,H01,45,35,2,2,1,0.711,0.711,1.0,False,False,"qokeedy, okeedy",False,False
stolfi_inspired_signature,B,NG|S_OL|T_r,R06,38,34,10,2,2,0.868,0.868,1.0,False,False,"dar, or, sar, sor, qor, ar",False,False
stolfi_inspired_signature,S,G_k|S_OIL|T_iin,H08,38,31,2,2,1,0.579,0.579,1.0,False,False,"qokaiin, okaiin",False,False
stolfi_inspired_signature,B,NG|S_OIL|T_iin,R06,36,32,5,2,2,0.528,0.556,1.0,False,False,"daiin, saiin, aiin, olaiin, soiin",False,False
stolfi_inspired_signature,H,NG|S_DY|T_y,R02,36,34,8,6,2,0.611,0.639,0.917,False,False,"dy, chdy, ody, oldy, shdy, qody",False,False
stolfi_inspired_signature,S,G_k|S_OEL|T_in,H08,35,32,2,2,1,0.571,0.571,1.0,False,False,"qokain, okain",False,False
stolfi_inspired_signature,B,G_k|S_OL|T_l,H08,32,26,4,3,3,0.75,0.812,1.0,False,False,"qokal, qokol, okol, okal",False,False
stolfi_inspired_signature,S,NG|S_OEL|T_in,R06,30,25,8,1,1,0.8,0.8,1.0,False,False,"dain, ain, sain, oain, qoain, olain",True,True
stolfi_inspired_signature,S,G_k|S_OL|T_l,R07,29,24,3,2,1,0.621,0.621,1.0,False,False,"okal, qokal, qokol",False,False
stolfi_inspired_signature,B,G_k|S_EY|T_ey,H08,28,25,2,3,3,0.893,0.929,1.0,False,False,"qokeey, okeey",False,False
stolfi_inspired_signature,B,G_k|S_GY|T_y,H01,28,27,3,3,3,0.857,0.893,1.0,False,False,"qoky, olky, oky",False,False
stolfi_inspired_signature,B,NG|S_BEDY|T_edy,R00,28,27,9,2,2,0.571,0.607,1.0,False,False,"olchedy, dshedy, dchedy, olshedy, yshedy, ychedy",False,False
stolfi_inspired_signature,H,G_k|S_GY|T_y,R00,28,25,4,4,2,0.571,0.607,0.964,False,False,"oky, qoky, chky, yky",False,False
stolfi_inspired_signature,S,NG|S_EY|T_ey,R06,28,26,4,3,1,0.821,0.821,1.0,False,False,"cheey, sheey, qoeey, oleey",True,True
stolfi_inspired_signature,B,G_t|S_EDY|T_dy,R01,27,24,2,3,3,0.519,0.593,1.0,False,False,"otedy, qotedy",False,False
stolfi_inspired_signature,B,NG|S_DY|T_y,R02,25,23,5,2,2,0.84,0.88,1.0,False,False,"dy, chdy, oldy, ydy, shdy",False,False
stolfi_inspired_signature,T,NG|S_EDY|T_dy,R06,25,17,2,3,2,0.64,0.64,1.0,False,False,"shedy, chedy",False,False
stolfi_inspired_signature,B,NG|S_EY|T_y,R06,24,24,3,1,1,0.958,0.958,1.0,False,False,"shey, chey, qey",True,True
stolfi_inspired_signature,B,NG|S_OEL|T_in,R06,24,21,5,1,1,0.958,0.958,1.0,False,False,"dain, sain, shain, orain, ain",True,True
stolfi_inspired_signature,H,NG|S_OL|T_m,R06,24,22,11,3,2,0.792,0.792,0.958,False,False,"dam, am, sham, chom, om, shom",False,True
stolfi_inspired_signature,B,G_t|S_EDY|T_edy,H01,22,19,2,1,1,0.682,0.682,1.0,False,False,"qoteedy, oteedy",False,False
stolfi_inspired_signature,B,NG|S_EDY|T_edy,R06,22,20,3,1,1,0.864,0.864,1.0,False,False,"sheedy, cheedy, qoeedy",False,False
stolfi_inspired_signature,H,G_k|S_OL|T_l,R07,22,21,4,4,1,0.591,0.636,1.0,False,False,"qokol, okol, okal, qokal",False,False
stolfi_inspired_signature,S,G_k|S_EDY|T_dy,H12,22,20,2,2,1,0.864,0.864,1.0,False,False,"qokedy, okedy",False,False
stolfi_inspired_signature,S,G_t|S_OEL|T_in,R00,22,20,2,2,1,0.636,0.636,1.0,False,False,"otain, qotain",False,False
stolfi_inspired_signature,B,NG|S_LBEDY|T_edy,R00,21,21,5,1,1,1.0,1.0,1.0,False,False,"lchedy, lshedy, qolchedy, qorchedy, rshedy",False,False
stolfi_inspired_signature,B,G_k|S_XGXY|T_y,R00,20,18,4,1,1,0.7,0.7,1.0,False,False,"chckhy, shckhy, qckhsy, ckhy",False,False
stolfi_inspired_signature,C,NG|S_OL|T_l,R06,20,15,9,7,6,0.5,0.2,0.75,False,False,"dal, ol, al, chol, orol, sol",False,False
stolfi_inspired_signature,H,G_k|S_XGXY|T_y,R00,20,20,5,2,1,0.9,0.9,1.0,False,False,"chckhy, ckhy, ockhy, qockhy, shckhy",False,False
stolfi_inspired_signature,B,G_k|S_OIL|T_iin,R10,19,19,2,2,2,0.526,0.526,1.0,False,False,"okaiin, qokaiin",False,False
stolfi_inspired_signature,P,NG|S_OL|T_l,R07,19,15,7,2,2,0.474,0.526,1.0,False,False,"chol, dol, ol, dal, orol, shol",False,False
stolfi_inspired_signature,S,G_k|S_XGXY|T_y,R00,19,18,4,2,1,0.737,0.789,1.0,False,False,"chckhy, shckhy, dckhy, qockhy",False,False
stolfi_inspired_signature,C,NG|S_OL|T_r,R06,18,15,8,5,4,0.889,0.444,0.611,False,False,"dar, ar, sar, or, shor, char",False,False
stolfi_inspired_signature,H,G_t|S_XGXY|T_y,R04,18,18,3,2,2,0.944,0.944,1.0,False,False,"cthy, chcthy, dcthy",False,False
stolfi_inspired_signature,H,NG|S_ODY|T_dy,R00,18,18,3,3,2,0.722,0.722,0.944,False,False,"chody, shody, dady",False,False
stolfi_inspired_signature,S,G_t|S_EDY|T_dy,R01,18,16,2,2,2,0.667,0.722,1.0,False,False,"otedy, qotedy",False,False
stolfi_inspired_signature,B,G_t|S_OL|T_l,H13,17,14,4,2,2,0.529,0.529,1.0,False,False,"qotal, otal, qotol, otol",False,False
stolfi_inspired_signature,B,G_k|S_OL|T_r,R03,16,16,4,3,3,0.875,0.938,1.0,False,False,"qokar, okar, okor, qokor",True,True
stolfi_inspired_signature,B,NG|S_LY|T_y,R06,16,16,5,3,3,0.562,0.625,1.0,False,False,"oly, ly, ory, dly, qoly",False,False
stolfi_inspired_signature,H,G_k|S_GBY|T_y,R06,16,13,7,2,1,0.875,0.875,1.0,False,False,"kchy, ykchy, ykshy, chkchy, shkchy, shkshy",False,True
stolfi_inspired_signature,H,G_k|S_OIL|T_iin,R10,16,15,2,2,1,0.688,0.688,1.0,False,False,"okaiin, qokaiin",False,False
stolfi_inspired_signature,H,G_k|S_OL|T_r,R03,16,13,4,3,2,0.688,0.875,0.938,False,False,"okar, qokar, okor, qokor",True,True
stolfi_inspired_signature,H,G_t|S_GY|T_y,H01,16,13,5,4,2,0.375,0.5,0.938,False,False,"qoty, oty, yty, ty, chty",False,False
stolfi_inspired_signature,S,G_k|S_OL|T_r,R03,16,13,4,3,2,0.812,0.812,1.0,False,False,"qokar, okar, qokor, okor",True,True
stolfi_inspired_signature,S,G_t|S_OIL|T_iin,R10,16,15,3,4,2,0.5,0.625,0.938,False,False,"otaiin, qotaiin, qotoiin",False,False
stolfi_inspired_signature,S,NG|S_EOL|T_ol,R00,16,15,2,3,1,1.0,1.0,1.0,False,False,"cheol, qeol",False,False
stolfi_inspired_signature,S,NG|S_LBEDY|T_edy,R00,16,16,2,2,1,1.0,1.0,1.0,False,False,"lchedy, lshedy",False,False
stolfi_inspired_signature,H,G_k|S_GOIL|T_aiin,R06,15,14,5,2,1,0.667,0.667,1.0,False,False,"ykaiin, kaiin, chkaiin, olkaiin, shkaiin",False,False
stolfi_inspired_signature,H,NG|S_BO|T_NONE,R00,15,15,6,2,2,0.533,0.6,1.0,False,False,"cho, dcho, dsho, ycho, osho, ssho",False,False
stolfi_inspired_signature,S,G_k|S_GY|T_y,R00,15,15,5,2,1,0.467,0.467,1.0,False,False,"qoky, oky, shky, chky, orky",False,False
stolfi_inspired_signature,S,G_k|S_LGEY|T_eey,R00,15,13,3,2,1,1.0,1.0,1.0,False,False,"lkeey, lkeeey, rkeey",False,False
stolfi_inspired_signature,A,NG|S_OL|T_r,R06,14,14,8,6,6,0.786,0.0,1.0,False,False,"ar, dar, or, sar, sor, olar",False,False
stolfi_inspired_signature,P,G_k|S_OL|T_l,R07,14,11,3,2,2,0.643,0.643,1.0,False,False,"okol, qokol, okal",False,False
stolfi_inspired_signature,P,NG|S_OL|T_r,R06,14,13,8,2,2,0.5,0.5,1.0,False,False,"or, chor, qoor, dar, orar, oror",False,False
stolfi_inspired_signature,S,G_k|S_GEY|T_eey,R00,14,14,6,2,1,0.571,0.643,1.0,False,False,"olkeey, olkeeey, keey, keeey, chkeey, ykeeey",False,False
stolfi_inspired_signature,S,G_t|S_EDY|T_edy,H01,14,14,2,2,1,0.571,0.571,1.0,False,False,"qoteedy, oteedy",False,False
stolfi_inspired_signature,S,NG|S_EDY|T_edy,R06,14,14,5,1,1,0.643,0.643,1.0,False,False,"sheedy, qoeedy, cheedy, oeedy, oleedy",False,False
stolfi_inspired_signature,T,NG|S_OEL|T_in,R06,14,11,4,4,2,0.857,0.857,0.786,False,False,"dain, sain, olain, ain",True,True
stolfi_inspired_signature,B,NG|S_BEY|T_ey,R00,13,12,8,1,1,0.615,0.615,1.0,False,False,"olchey, olshey, dshey, orchey, yshey, schey",False,False
stolfi_inspired_signature,B,NG|S_LBEY|T_ey,R00,13,12,4,1,1,0.846,0.846,1.0,False,False,"lchey, rchey, lshey, qolchey",False,False
stolfi_inspired_signature,H,G_t|S_XGXOL|T_or,R04,13,13,2,2,2,1.0,1.0,1.0,False,False,"cthor, chcthor",False,False
stolfi_inspired_signature,H,NG|S_EOL|T_ol,R06,13,12,4,3,2,0.692,0.769,0.923,False,False,"sheol, cheol, deeol, deol",False,False
stolfi_inspired_signature,H,NG|S_ODOIL|T_aiin,R00,13,13,5,2,2,0.538,0.538,1.0,False,False,"chodaiin, sodaiin, shodaiin, dodaiin, yodaiin",False,False
stolfi_inspired_signature,S,NG|S_EOL|T_ar,R00,13,12,6,3,2,0.769,0.769,1.0,False,False,"chear, shear, ear, cheear, qeear, oeear",False,True
stolfi_inspired_signature,T,NG|S_OIL|T_iin,R10,13,11,5,4,3,0.538,0.692,1.0,False,False,"daiin, saiin, aiin, qoaiin, oraiin",False,False
stolfi_inspired_signature,T,NG|S_OL|T_l,R06,13,10,7,2,1,0.462,0.462,1.0,False,False,"ol, al, chol, qol, shol, chal",False,False
stolfi_inspired_signature,B,G_k|S_EY|T_y,H08,12,11,2,1,1,0.583,0.583,1.0,False,False,"qokey, okey",False,False
stolfi_inspired_signature,B,G_k|S_GEDY|T_eedy,R00,12,12,4,2,2,0.917,0.917,1.0,False,False,"olkeedy, ykeedy, keedy, chkeedy",False,False
stolfi_inspired_signature,B,G_t|S_OEL|T_in,R00,12,11,2,1,1,0.5,0.5,1.0,False,False,"otain, qotain",False,False
stolfi_inspired_signature,B,NG|S_EY|T_ey,R06,12,11,3,1,1,1.0,1.0,1.0,False,False,"sheey, cheey, deey",True,True
stolfi_inspired_signature,H,G_k|S_BY|T_y,H08,12,12,4,2,1,0.583,0.583,1.0,False,False,"qokchy, okchy, okshy, qokshy",False,False
stolfi_inspired_signature,H,NG|S_BOL|T_or,R06,12,12,5,2,2,0.833,0.917,1.0,False,False,"dchor, ychor, ochor, yshor, dshor",False,False
stolfi_inspired_signature,H,NG|S_DOIL|T_aiin,R10,12,11,4,3,2,0.583,0.667,0.917,False,False,"odaiin, ydaiin, qodaiin, oldaiin",False,False
stolfi_inspired_signature,H,NG|S_EX|T_NONE,R00,12,12,8,2,1,1.0,1.0,1.0,False,False,"oeees, eees, ches, oreees, chees, oleeeb",False,True
stolfi_inspired_signature,S,G_t|S_OL|T_r,R01,12,9,4,3,2,0.5,0.667,1.0,False,False,"otar, qotar, otor, qotor",False,False
stolfi_inspired_signature,S,NG|S_EOL|T_al,R00,12,12,4,2,1,0.583,0.583,1.0,False,False,"cheal, sheal, cheeal, sheoal",False,False
stolfi_inspired_signature,S,NG|S_OEL|T_r,R06,12,11,3,2,1,0.667,0.75,1.0,False,False,"sair, dair, air",False,False
stolfi_inspired_signature,T,NG|S_EY|T_y,R06,12,10,2,4,2,1.0,1.0,0.917,False,False,"chey, shey",True,True
surface_token,H,chol,R07,57,47,1,3,1,1.0,1.0,1.0,False,False,chol,False,False
surface_token,B,shedy,R06,54,48,1,2,2,1.0,1.0,1.0,False,False,shedy,False,False
surface_token,B,qokedy,H12,53,41,1,2,2,1.0,1.0,1.0,False,False,qokedy,False,False
surface_token,B,qokeedy,H01,46,37,1,1,1,1.0,1.0,1.0,False,False,qokeedy,False,False
surface_token,S,chedy,R02,41,34,1,2,1,1.0,1.0,1.0,False,False,chedy,False,False
surface_token,B,ol,R06,38,32,1,1,1,1.0,1.0,1.0,False,False,ol,False,False
surface_token,B,chedy,R02,37,33,1,2,2,1.0,1.0,1.0,False,False,chedy,False,False
surface_token,S,qokeey,H08,37,31,1,2,1,1.0,1.0,1.0,False,False,qokeey,False,True
surface_token,B,qokain,H08,35,33,1,1,1,1.0,1.0,1.0,False,False,qokain,False,False
surface_token,S,chey,R06,32,29,1,3,1,1.0,1.0,1.0,False,False,chey,False,False
surface_token,S,qokeedy,H01,32,26,1,2,1,1.0,1.0,1.0,False,False,qokeedy,False,False
surface_token,S,ar,R06,28,24,1,2,1,1.0,1.0,1.0,False,False,ar,True,True
surface_token,S,aiin,R06,27,22,1,2,1,1.0,1.0,1.0,False,False,aiin,False,True
surface_token,B,qokeey,H08,25,22,1,2,2,1.0,1.0,1.0,False,False,qokeey,False,True
surface_token,S,daiin,R10,25,23,1,3,1,1.0,1.0,1.0,False,False,daiin,False,True
surface_token,B,qoky,H01,24,24,1,2,2,1.0,1.0,1.0,False,False,qoky,False,False
surface_token,S,qokaiin,H08,22,21,1,2,1,1.0,1.0,1.0,False,False,qokaiin,False,False
surface_token,B,okedy,R00,21,18,1,2,2,1.0,1.0,1.0,False,False,okedy,False,False
surface_token,B,qokal,H08,20,18,1,1,1,1.0,1.0,1.0,False,False,qokal,False,False
surface_token,S,okeey,R06,20,19,1,3,1,1.0,1.0,1.0,False,False,okeey,True,True
surface_token,S,qokain,H08,20,19,1,2,1,1.0,1.0,1.0,False,False,qokain,False,False
surface_token,H,dar,R06,19,17,1,2,1,1.0,1.0,1.0,False,False,dar,True,True
surface_token,S,qokedy,H12,19,18,1,2,1,1.0,1.0,1.0,False,False,qokedy,False,False
surface_token,S,shedy,R06,19,17,1,2,1,1.0,1.0,1.0,False,False,shedy,False,False
surface_token,B,qol,R00,18,16,1,1,1,1.0,1.0,1.0,False,False,qol,False,False
surface_token,H,sho,R06,18,17,1,1,1,1.0,1.0,1.0,False,False,sho,False,False
surface_token,S,al,R06,18,17,1,2,1,1.0,1.0,1.0,False,False,al,False,True
surface_token,S,chol,R07,18,17,1,3,1,1.0,1.0,1.0,False,False,chol,False,False
surface_token,S,okal,R07,18,16,1,2,1,1.0,1.0,1.0,False,False,okal,True,True
surface_token,B,okeedy,R00,17,16,1,2,2,1.0,1.0,1.0,False,False,okeedy,False,False
surface_token,H,ar,R06,16,14,1,2,1,1.0,1.0,1.0,False,False,ar,True,True
surface_token,S,okaiin,R10,16,16,1,1,1,1.0,1.0,1.0,False,False,okaiin,True,True
surface_token,T,shedy,R06,16,12,1,3,2,1.0,1.0,1.0,False,False,shedy,False,False
surface_token,B,daiin,R10,15,12,1,1,1,1.0,1.0,1.0,False,False,daiin,False,True
surface_token,B,qoteedy,H01,15,13,1,1,1,1.0,1.0,1.0,False,False,qoteedy,False,False
surface_token,B,shey,R06,15,15,1,1,1,1.0,1.0,1.0,False,False,shey,True,True
surface_token,H,cthol,R07,15,15,1,1,1,1.0,1.0,1.0,False,False,cthol,False,False
surface_token,H,cthy,R04,15,15,1,2,2,1.0,1.0,1.0,False,False,cthy,False,False
surface_token,S,cheol,R00,15,14,1,3,1,1.0,1.0,1.0,False,False,cheol,False,True
surface_token,S,okain,R10,15,14,1,2,1,1.0,1.0,1.0,False,False,okain,True,True
surface_token,B,otedy,R01,14,13,1,3,3,1.0,1.0,1.0,False,False,otedy,False,False
surface_token,H,chy,R00,14,13,1,2,2,1.0,1.0,1.0,False,False,chy,False,True
surface_token,H,shol,R08,14,10,1,3,2,1.0,1.0,0.929,False,False,shol,False,True
surface_token,S,chckhy,R00,14,13,1,1,1,1.0,1.0,1.0,False,False,chckhy,False,False
surface_token,S,cheey,R06,14,13,1,2,1,1.0,1.0,1.0,False,False,cheey,False,True
surface_token,S,lchedy,R00,14,14,1,2,1,1.0,1.0,1.0,False,False,lchedy,False,False
surface_token,S,otain,R00,14,13,1,2,1,1.0,1.0,1.0,False,False,otain,False,False
surface_token,S,shey,R06,14,13,1,4,2,1.0,1.0,0.929,False,False,shey,True,True
surface_token,B,dal,R09,13,13,1,3,3,1.0,1.0,1.0,False,False,dal,True,True
surface_token,B,dy,R02,13,13,1,1,1,1.0,1.0,1.0,False,False,dy,False,False
surface_token,B,qotedy,H17,13,12,1,2,2,1.0,1.0,1.0,False,False,qotedy,False,False
surface_token,B,saiin,R06,13,13,1,1,1,1.0,1.0,1.0,False,False,saiin,False,True
surface_token,B,sheedy,R06,13,12,1,1,1,1.0,1.0,1.0,False,False,sheedy,False,False
surface_token,H,chody,R00,13,13,1,3,2,1.0,1.0,0.923,False,False,chody,False,True
surface_token,H,ol,R06,13,13,1,2,1,1.0,1.0,1.0,False,False,ol,False,False
surface_token,H,shy,R06,13,13,1,3,2,1.0,1.0,0.769,False,False,shy,False,True
surface_token,S,dain,R06,13,12,1,1,1,1.0,1.0,1.0,False,False,dain,True,True
surface_token,S,okeedy,R00,13,12,1,1,1,1.0,1.0,1.0,False,False,okeedy,False,False
surface_token,S,ol,R06,13,13,1,2,2,1.0,1.0,1.0,False,False,ol,False,False
surface_token,B,chckhy,R00,12,11,1,1,1,1.0,1.0,1.0,False,False,chckhy,False,False
surface_token,H,cthor,R04,12,12,1,2,2,1.0,1.0,1.0,False,False,cthor,False,False
surface_token,H,oky,R00,12,12,1,3,2,1.0,1.0,0.917,False,False,oky,True,True
surface_token,S,otedy,R01,12,11,1,1,1,1.0,1.0,1.0,False,False,otedy,False,False
